id,modulo_selimp,setor,status,data_agendada,sucesso,percentual_entrada,data_troca,ultima_comunicacao,created_at,updated_at,data_primeiro_agendamento
5,03-0046,JT10203VJ0055,concluida,,true,,Sat Jun 06 2026 00:00:00 GMT-0300 (Horário Padrão de Brasília),Sat Jun 06 2026 00:00:00 GMT-0300 (Horário Padrão de Brasília),Sat Jun 13 2026 23:09:34 GMT-0300 (Horário Padrão de Brasília),Sat Jun 13 2026 23:09:34 GMT-0300 (Horário Padrão de Brasília),
6,03-0047,MG10101VJ0002,concluida,,true,,Fri Jun 12 2026 00:00:00 GMT-0300 (Horário Padrão de Brasília),Fri Jun 12 2026 00:00:00 GMT-0300 (Horário Padrão de Brasília),Sat Jun 13 2026 23:09:34 GMT-0300 (Horário Padrão de Brasília),Sat Jun 13 2026 23:09:34 GMT-0300 (Horário Padrão de Brasília),
7,03-0017,MG10101VJ0012,concluida,,true,,Fri Jun 12 2026 00:00:00 GMT-0300 (Horário Padrão de Brasília),Fri Jun 12 2026 00:00:00 GMT-0300 (Horário Padrão de Brasília),Sat Jun 13 2026 23:09:34 GMT-0300 (Horário Padrão de Brasília),Sat Jun 13 2026 23:09:34 GMT-0300 (Horário Padrão de Brasília),
8,03-0072,MG10101VJ0011,concluida,,true,,Fri May 29 2026 00:00:00 GMT-0300 (Horário Padrão de Brasília),Fri May 29 2026 00:00:00 GMT-0300 (Horário Padrão de Brasília),Sat Jun 13 2026 23:09:34 GMT-0300 (Horário Padrão de Brasília),Sat Jun 13 2026 23:09:34 GMT-0300 (Horário Padrão de Brasília),
10,03-0088,MG10101VJ0007,concluida,,true,,Mon May 25 2026 00:00:00 GMT-0300 (Horário Padrão de Brasília),Mon May 25 2026 00:00:00 GMT-0300 (Horário Padrão de Brasília),Sat Jun 13 2026 23:09:34 GMT-0300 (Horário Padrão de Brasília),Sat Jun 13 2026 23:09:34 GMT-0300 (Horário Padrão de Brasília),
11,03-0009,MG10101VJ0009,concluida,,false,,Mon Jun 01 2026 00:00:00 GMT-0300 (Horário Padrão de Brasília),Fri May 22 2026 00:00:00 GMT-0300 (Horário Padrão de Brasília),Sat Jun 13 2026 23:09:34 GMT-0300 (Horário Padrão de Brasília),Sat Jun 13 2026 23:09:34 GMT-0300 (Horário Padrão de Brasília),
12,03-0069,MG10101VJ0004,concluida,,false,,Mon May 25 2026 00:00:00 GMT-0300 (Horário Padrão de Brasília),Wed Apr 29 2026 00:00:00 GMT-0300 (Horário Padrão de Brasília),Sat Jun 13 2026 23:09:34 GMT-0300 (Horário Padrão de Brasília),Sat Jun 13 2026 23:09:34 GMT-0300 (Horário Padrão de Brasília),
13,03-0022,CV10203VJ0056,concluida,,true,,Sat May 16 2026 00:00:00 GMT-0300 (Horário Padrão de Brasília),Sat May 16 2026 00:00:00 GMT-0300 (Horário Padrão de Brasília),Sat Jun 13 2026 23:09:34 GMT-0300 (Horário Padrão de Brasília),Sat Jun 13 2026 23:09:34 GMT-0300 (Horário Padrão de Brasília),
14,03-0089,CV10203VJ0053,concluida,,true,,Sat May 23 2026 00:00:00 GMT-0300 (Horário Padrão de Brasília),Sat May 23 2026 00:00:00 GMT-0300 (Horário Padrão de Brasília),Sat Jun 13 2026 23:09:34 GMT-0300 (Horário Padrão de Brasília),Sat Jun 13 2026 23:09:34 GMT-0300 (Horário Padrão de Brasília),
15,03-0012,CV10203VJ0052,concluida,,true,,Tue May 12 2026 00:00:00 GMT-0300 (Horário Padrão de Brasília),Tue May 12 2026 00:00:00 GMT-0300 (Horário Padrão de Brasília),Sat Jun 13 2026 23:09:34 GMT-0300 (Horário Padrão de Brasília),Sat Jun 13 2026 23:09:34 GMT-0300 (Horário Padrão de Brasília),
18,03-0077,CV10202VJ0034,concluida,,true,,Mon Jun 08 2026 00:00:00 GMT-0300 (Horário Padrão de Brasília),Mon Jun 08 2026 00:00:00 GMT-0300 (Horário Padrão de Brasília),Sat Jun 13 2026 23:09:34 GMT-0300 (Horário Padrão de Brasília),Sat Jun 13 2026 23:09:34 GMT-0300 (Horário Padrão de Brasília),
19,03-0118,CV10202VJ0045,concluida,,true,,Fri May 29 2026 00:00:00 GMT-0300 (Horário Padrão de Brasília),Fri May 29 2026 00:00:00 GMT-0300 (Horário Padrão de Brasília),Sat Jun 13 2026 23:09:34 GMT-0300 (Horário Padrão de Brasília),Sat Jun 13 2026 23:09:34 GMT-0300 (Horário Padrão de Brasília),
22,03-0097,CV10202VJ0035,concluida,,true,,Mon Jun 08 2026 00:00:00 GMT-0300 (Horário Padrão de Brasília),Mon Jun 08 2026 00:00:00 GMT-0300 (Horário Padrão de Brasília),Sat Jun 13 2026 23:09:34 GMT-0300 (Horário Padrão de Brasília),Sat Jun 13 2026 23:09:34 GMT-0300 (Horário Padrão de Brasília),
23,03-0129,CV10202VJ0041,concluida,,true,,Fri May 15 2026 00:00:00 GMT-0300 (Horário Padrão de Brasília),Fri May 15 2026 00:00:00 GMT-0300 (Horário Padrão de Brasília),Sat Jun 13 2026 23:09:34 GMT-0300 (Horário Padrão de Brasília),Sat Jun 13 2026 23:09:34 GMT-0300 (Horário Padrão de Brasília),
25,03-0136,CV10202VJ0031,concluida,,true,,Wed Jun 10 2026 00:00:00 GMT-0300 (Horário Padrão de Brasília),Wed Jun 10 2026 00:00:00 GMT-0300 (Horário Padrão de Brasília),Sat Jun 13 2026 23:09:34 GMT-0300 (Horário Padrão de Brasília),Sat Jun 13 2026 23:09:34 GMT-0300 (Horário Padrão de Brasília),
26,03-0131,CV10303VJ0020,concluida,,false,,Fri Jun 12 2026 00:00:00 GMT-0300 (Horário Padrão de Brasília),Tue Jun 09 2026 00:00:00 GMT-0300 (Horário Padrão de Brasília),Sat Jun 13 2026 23:09:34 GMT-0300 (Horário Padrão de Brasília),Sat Jun 13 2026 23:09:34 GMT-0300 (Horário Padrão de Brasília),
27,03-0116,CV10303VJ0022,concluida,,true,,Tue Jun 02 2026 00:00:00 GMT-0300 (Horário Padrão de Brasília),Tue Jun 02 2026 00:00:00 GMT-0300 (Horário Padrão de Brasília),Sat Jun 13 2026 23:09:34 GMT-0300 (Horário Padrão de Brasília),Sat Jun 13 2026 23:09:34 GMT-0300 (Horário Padrão de Brasília),
28,03-0143,JT10304VJ0038,concluida,,true,,Wed May 27 2026 00:00:00 GMT-0300 (Horário Padrão de Brasília),Wed May 27 2026 00:00:00 GMT-0300 (Horário Padrão de Brasília),Sat Jun 13 2026 23:09:34 GMT-0300 (Horário Padrão de Brasília),Sat Jun 13 2026 23:09:34 GMT-0300 (Horário Padrão de Brasília),
30,03-0094,JT10303VJ0024,concluida,,true,,Fri Jun 12 2026 00:00:00 GMT-0300 (Horário Padrão de Brasília),Fri Jun 12 2026 00:00:00 GMT-0300 (Horário Padrão de Brasília),Sat Jun 13 2026 23:09:34 GMT-0300 (Horário Padrão de Brasília),Sat Jun 13 2026 23:09:34 GMT-0300 (Horário Padrão de Brasília),
31,03-0002,JT10303VJ0025,concluida,,false,,Tue Apr 14 2026 00:00:00 GMT-0300 (Horário Padrão de Brasília),Mon Mar 16 2026 00:00:00 GMT-0300 (Horário Padrão de Brasília),Sat Jun 13 2026 23:09:34 GMT-0300 (Horário Padrão de Brasília),Sat Jun 13 2026 23:09:34 GMT-0300 (Horário Padrão de Brasília),
32,03-0048,JT10303VJ0026,concluida,,true,,Tue May 05 2026 00:00:00 GMT-0300 (Horário Padrão de Brasília),Tue May 05 2026 00:00:00 GMT-0300 (Horário Padrão de Brasília),Sat Jun 13 2026 23:09:34 GMT-0300 (Horário Padrão de Brasília),Sat Jun 13 2026 23:09:34 GMT-0300 (Horário Padrão de Brasília),
33,03-0043,JT10303VJ0029,concluida,,true,,Tue Jun 09 2026 00:00:00 GMT-0300 (Horário Padrão de Brasília),Tue Jun 09 2026 00:00:00 GMT-0300 (Horário Padrão de Brasília),Sat Jun 13 2026 23:09:34 GMT-0300 (Horário Padrão de Brasília),Sat Jun 13 2026 23:09:34 GMT-0300 (Horário Padrão de Brasília),
34,03-0008,JT10303VJ0036,concluida,,true,,Fri May 15 2026 00:00:00 GMT-0300 (Horário Padrão de Brasília),Fri May 15 2026 00:00:00 GMT-0300 (Horário Padrão de Brasília),Sat Jun 13 2026 23:09:34 GMT-0300 (Horário Padrão de Brasília),Sat Jun 13 2026 23:09:34 GMT-0300 (Horário Padrão de Brasília),
35,03-0042,JT10202VJ0056,concluida,,true,,Fri May 15 2026 00:00:00 GMT-0300 (Horário Padrão de Brasília),Fri May 15 2026 00:00:00 GMT-0300 (Horário Padrão de Brasília),Sat Jun 13 2026 23:09:34 GMT-0300 (Horário Padrão de Brasília),Sat Jun 13 2026 23:09:34 GMT-0300 (Horário Padrão de Brasília),
37,03-0031,JT10304VJ0047,concluida,,true,,Sat May 16 2026 00:00:00 GMT-0300 (Horário Padrão de Brasília),Sat May 16 2026 00:00:00 GMT-0300 (Horário Padrão de Brasília),Sat Jun 13 2026 23:09:34 GMT-0300 (Horário Padrão de Brasília),Sat Jun 13 2026 23:09:34 GMT-0300 (Horário Padrão de Brasília),
38,03-0037,JT10302VJ0005,concluida,,true,,Thu May 14 2026 00:00:00 GMT-0300 (Horário Padrão de Brasília),Thu May 14 2026 00:00:00 GMT-0300 (Horário Padrão de Brasília),Sat Jun 13 2026 23:09:34 GMT-0300 (Horário Padrão de Brasília),Sat Jun 13 2026 23:09:34 GMT-0300 (Horário Padrão de Brasília),
39,03-0014,JT10302VJ0011,concluida,,true,,Thu May 14 2026 00:00:00 GMT-0300 (Horário Padrão de Brasília),Thu May 14 2026 00:00:00 GMT-0300 (Horário Padrão de Brasília),Sat Jun 13 2026 23:09:34 GMT-0300 (Horário Padrão de Brasília),Sat Jun 13 2026 23:09:34 GMT-0300 (Horário Padrão de Brasília),
40,03-0026,JT10101VL0001,concluida,,true,,Fri Jun 05 2026 00:00:00 GMT-0300 (Horário Padrão de Brasília),Fri Jun 05 2026 00:00:00 GMT-0300 (Horário Padrão de Brasília),Sat Jun 13 2026 23:09:34 GMT-0300 (Horário Padrão de Brasília),Sat Jun 13 2026 23:09:34 GMT-0300 (Horário Padrão de Brasília),
42,03-0119,MG10101VJ0003,concluida,,true,,Fri May 29 2026 00:00:00 GMT-0300 (Horário Padrão de Brasília),Fri May 29 2026 00:00:00 GMT-0300 (Horário Padrão de Brasília),Sat Jun 13 2026 23:09:34 GMT-0300 (Horário Padrão de Brasília),Sat Jun 13 2026 23:09:34 GMT-0300 (Horário Padrão de Brasília),
43,03-0045,JT10302VJ0016,concluida,,true,,Mon May 18 2026 00:00:00 GMT-0300 (Horário Padrão de Brasília),Mon May 18 2026 00:00:00 GMT-0300 (Horário Padrão de Brasília),Sat Jun 13 2026 23:09:34 GMT-0300 (Horário Padrão de Brasília),Sat Jun 13 2026 23:09:34 GMT-0300 (Horário Padrão de Brasília),
44,03-0109,JT10302VJ0020,concluida,,true,,Thu Jun 11 2026 00:00:00 GMT-0300 (Horário Padrão de Brasília),Thu Jun 11 2026 00:00:00 GMT-0300 (Horário Padrão de Brasília),Sat Jun 13 2026 23:09:34 GMT-0300 (Horário Padrão de Brasília),Sat Jun 13 2026 23:09:34 GMT-0300 (Horário Padrão de Brasília),
45,03-0058,JT10302VJ0019,concluida,,false,,Thu Jun 11 2026 00:00:00 GMT-0300 (Horário Padrão de Brasília),Tue Jun 09 2026 00:00:00 GMT-0300 (Horário Padrão de Brasília),Sat Jun 13 2026 23:09:34 GMT-0300 (Horário Padrão de Brasília),Sat Jun 13 2026 23:09:34 GMT-0300 (Horário Padrão de Brasília),
46,03-0068,JT10302VJ0007,concluida,,true,,Thu Jun 11 2026 00:00:00 GMT-0300 (Horário Padrão de Brasília),Thu Jun 11 2026 00:00:00 GMT-0300 (Horário Padrão de Brasília),Sat Jun 13 2026 23:09:34 GMT-0300 (Horário Padrão de Brasília),Sat Jun 13 2026 23:09:34 GMT-0300 (Horário Padrão de Brasília),
47,03-0075,MG10101VJ0010,concluida,,true,,Fri May 29 2026 00:00:00 GMT-0300 (Horário Padrão de Brasília),Fri May 29 2026 00:00:00 GMT-0300 (Horário Padrão de Brasília),Sat Jun 13 2026 23:09:34 GMT-0300 (Horário Padrão de Brasília),Sat Jun 13 2026 23:09:34 GMT-0300 (Horário Padrão de Brasília),
49,03-0036,CV10101VL0001,concluida,,true,,Tue May 26 2026 00:00:00 GMT-0300 (Horário Padrão de Brasília),Tue May 26 2026 00:00:00 GMT-0300 (Horário Padrão de Brasília),Sat Jun 13 2026 23:09:34 GMT-0300 (Horário Padrão de Brasília),Sat Jun 13 2026 23:09:34 GMT-0300 (Horário Padrão de Brasília),
50,03-0060,CV10101VJ0002,concluida,,true,,Sat Jun 06 2026 00:00:00 GMT-0300 (Horário Padrão de Brasília),Sat Jun 06 2026 00:00:00 GMT-0300 (Horário Padrão de Brasília),Sat Jun 13 2026 23:09:34 GMT-0300 (Horário Padrão de Brasília),Sat Jun 13 2026 23:09:34 GMT-0300 (Horário Padrão de Brasília),
52,03-0101,CV10101VJ0004,concluida,,true,,Sat Jun 06 2026 00:00:00 GMT-0300 (Horário Padrão de Brasília),Sat Jun 06 2026 00:00:00 GMT-0300 (Horário Padrão de Brasília),Sat Jun 13 2026 23:09:34 GMT-0300 (Horário Padrão de Brasília),Sat Jun 13 2026 23:09:34 GMT-0300 (Horário Padrão de Brasília),
53,03-0102,CV10101VJ0009,concluida,,true,,Fri May 15 2026 00:00:00 GMT-0300 (Horário Padrão de Brasília),Fri May 15 2026 00:00:00 GMT-0300 (Horário Padrão de Brasília),Sat Jun 13 2026 23:09:34 GMT-0300 (Horário Padrão de Brasília),Sat Jun 13 2026 23:09:34 GMT-0300 (Horário Padrão de Brasília),
54,03-0096,CV10101VJ0007,concluida,,true,,Fri May 15 2026 00:00:00 GMT-0300 (Horário Padrão de Brasília),Fri May 15 2026 00:00:00 GMT-0300 (Horário Padrão de Brasília),Sat Jun 13 2026 23:09:34 GMT-0300 (Horário Padrão de Brasília),Sat Jun 13 2026 23:09:34 GMT-0300 (Horário Padrão de Brasília),
55,03-0120,CV10101VJ0008,concluida,,true,,Tue May 19 2026 00:00:00 GMT-0300 (Horário Padrão de Brasília),Tue May 19 2026 00:00:00 GMT-0300 (Horário Padrão de Brasília),Sat Jun 13 2026 23:09:34 GMT-0300 (Horário Padrão de Brasília),Sat Jun 13 2026 23:09:34 GMT-0300 (Horário Padrão de Brasília),
56,03-0130,CV10102VJ0010,concluida,,true,,Fri Jun 05 2026 00:00:00 GMT-0300 (Horário Padrão de Brasília),Fri Jun 05 2026 00:00:00 GMT-0300 (Horário Padrão de Brasília),Sat Jun 13 2026 23:09:34 GMT-0300 (Horário Padrão de Brasília),Sat Jun 13 2026 23:09:34 GMT-0300 (Horário Padrão de Brasília),
57,03-0057,CV10101VJ0005,concluida,,true,,Thu May 07 2026 00:00:00 GMT-0300 (Horário Padrão de Brasília),Thu May 07 2026 00:00:00 GMT-0300 (Horário Padrão de Brasília),Sat Jun 13 2026 23:09:34 GMT-0300 (Horário Padrão de Brasília),Sat Jun 13 2026 23:09:34 GMT-0300 (Horário Padrão de Brasília),
58,03-0112,CV10101VJ0006,concluida,,true,,Fri Jun 12 2026 00:00:00 GMT-0300 (Horário Padrão de Brasília),Fri Jun 12 2026 00:00:00 GMT-0300 (Horário Padrão de Brasília),Sat Jun 13 2026 23:09:34 GMT-0300 (Horário Padrão de Brasília),Sat Jun 13 2026 23:09:34 GMT-0300 (Horário Padrão de Brasília),
60,03-0113,CV10202VJ0044,concluida,,false,,Mon May 25 2026 00:00:00 GMT-0300 (Horário Padrão de Brasília),Mon Apr 20 2026 00:00:00 GMT-0300 (Horário Padrão de Brasília),Sat Jun 13 2026 23:09:34 GMT-0300 (Horário Padrão de Brasília),Sat Jun 13 2026 23:09:34 GMT-0300 (Horário Padrão de Brasília),
61,03-0029,CV10203VJ0055,concluida,,true,,Tue May 12 2026 00:00:00 GMT-0300 (Horário Padrão de Brasília),Tue May 12 2026 00:00:00 GMT-0300 (Horário Padrão de Brasília),Sat Jun 13 2026 23:09:34 GMT-0300 (Horário Padrão de Brasília),Sat Jun 13 2026 23:09:34 GMT-0300 (Horário Padrão de Brasília),
62,03-0015,CV10203VJ0057,concluida,,true,,Sat May 30 2026 00:00:00 GMT-0300 (Horário Padrão de Brasília),Sat May 30 2026 00:00:00 GMT-0300 (Horário Padrão de Brasília),Sat Jun 13 2026 23:09:34 GMT-0300 (Horário Padrão de Brasília),Sat Jun 13 2026 23:09:34 GMT-0300 (Horário Padrão de Brasília),
63,03-0011,CV10203VJ0051,concluida,,true,,Tue May 26 2026 00:00:00 GMT-0300 (Horário Padrão de Brasília),Tue May 26 2026 00:00:00 GMT-0300 (Horário Padrão de Brasília),Sat Jun 13 2026 23:09:34 GMT-0300 (Horário Padrão de Brasília),Sat Jun 13 2026 23:09:34 GMT-0300 (Horário Padrão de Brasília),
64,03-0039,CV10203VJ0047,concluida,,true,,Sat May 16 2026 00:00:00 GMT-0300 (Horário Padrão de Brasília),Sat May 16 2026 00:00:00 GMT-0300 (Horário Padrão de Brasília),Sat Jun 13 2026 23:09:34 GMT-0300 (Horário Padrão de Brasília),Sat Jun 13 2026 23:09:34 GMT-0300 (Horário Padrão de Brasília),
65,03-0099,CV10203VJ0060,concluida,,true,,Sat May 16 2026 00:00:00 GMT-0300 (Horário Padrão de Brasília),Sat May 16 2026 00:00:00 GMT-0300 (Horário Padrão de Brasília),Sat Jun 13 2026 23:09:34 GMT-0300 (Horário Padrão de Brasília),Sat Jun 13 2026 23:09:34 GMT-0300 (Horário Padrão de Brasília),
66,03-0035,CV10203VJ0061,concluida,,true,,Tue May 26 2026 00:00:00 GMT-0300 (Horário Padrão de Brasília),Tue May 26 2026 00:00:00 GMT-0300 (Horário Padrão de Brasília),Sat Jun 13 2026 23:09:34 GMT-0300 (Horário Padrão de Brasília),Sat Jun 13 2026 23:09:34 GMT-0300 (Horário Padrão de Brasília),
67,03-0098,CV10203VJ0062,concluida,,true,,Tue May 26 2026 00:00:00 GMT-0300 (Horário Padrão de Brasília),Tue May 26 2026 00:00:00 GMT-0300 (Horário Padrão de Brasília),Sat Jun 13 2026 23:09:34 GMT-0300 (Horário Padrão de Brasília),Sat Jun 13 2026 23:09:34 GMT-0300 (Horário Padrão de Brasília),
68,03-0083,CV10203VJ0063,concluida,,true,,Tue May 26 2026 00:00:00 GMT-0300 (Horário Padrão de Brasília),Tue May 26 2026 00:00:00 GMT-0300 (Horário Padrão de Brasília),Sat Jun 13 2026 23:09:34 GMT-0300 (Horário Padrão de Brasília),Sat Jun 13 2026 23:09:34 GMT-0300 (Horário Padrão de Brasília),
69,03-0050,CV10203VJ0064,concluida,,true,,Tue May 26 2026 00:00:00 GMT-0300 (Horário Padrão de Brasília),Tue May 26 2026 00:00:00 GMT-0300 (Horário Padrão de Brasília),Sat Jun 13 2026 23:09:34 GMT-0300 (Horário Padrão de Brasília),Sat Jun 13 2026 23:09:34 GMT-0300 (Horário Padrão de Brasília),
70,03-0061,CV10303VJ0019,concluida,,false,,Tue Jun 09 2026 00:00:00 GMT-0300 (Horário Padrão de Brasília),Mon Jun 08 2026 00:00:00 GMT-0300 (Horário Padrão de Brasília),Sat Jun 13 2026 23:09:34 GMT-0300 (Horário Padrão de Brasília),Sat Jun 13 2026 23:09:34 GMT-0300 (Horário Padrão de Brasília),
71,03-0124,MG10101VJ0001,concluida,,true,,Tue May 12 2026 00:00:00 GMT-0300 (Horário Padrão de Brasília),Tue May 12 2026 00:00:00 GMT-0300 (Horário Padrão de Brasília),Sat Jun 13 2026 23:09:34 GMT-0300 (Horário Padrão de Brasília),Sat Jun 13 2026 23:09:34 GMT-0300 (Horário Padrão de Brasília),
72,03-0182,MG10101VL0001,concluida,,true,,Fri Jun 05 2026 00:00:00 GMT-0300 (Horário Padrão de Brasília),Fri Jun 05 2026 00:00:00 GMT-0300 (Horário Padrão de Brasília),Sat Jun 13 2026 23:09:34 GMT-0300 (Horário Padrão de Brasília),Sat Jun 13 2026 23:09:34 GMT-0300 (Horário Padrão de Brasília),
73,03-0023,JT10102VJ0003,concluida,,false,,Fri Jun 05 2026 00:00:00 GMT-0300 (Horário Padrão de Brasília),Mon May 25 2026 00:00:00 GMT-0300 (Horário Padrão de Brasília),Sat Jun 13 2026 23:09:34 GMT-0300 (Horário Padrão de Brasília),Sat Jun 13 2026 23:09:34 GMT-0300 (Horário Padrão de Brasília),
74,03-0059,JT20102VJ0003,concluida,,true,,Mon Jun 08 2026 00:00:00 GMT-0300 (Horário Padrão de Brasília),Mon Jun 08 2026 00:00:00 GMT-0300 (Horário Padrão de Brasília),Sat Jun 13 2026 23:09:34 GMT-0300 (Horário Padrão de Brasília),Sat Jun 13 2026 23:09:34 GMT-0300 (Horário Padrão de Brasília),
75,03-0086,JT10101VL0002,concluida,,true,,Fri Jun 05 2026 00:00:00 GMT-0300 (Horário Padrão de Brasília),Fri Jun 05 2026 00:00:00 GMT-0300 (Horário Padrão de Brasília),Sat Jun 13 2026 23:09:34 GMT-0300 (Horário Padrão de Brasília),Sat Jun 13 2026 23:09:34 GMT-0300 (Horário Padrão de Brasília),
77,03-0138,JT10102VJ0002,concluida,,true,,Sat Jun 06 2026 00:00:00 GMT-0300 (Horário Padrão de Brasília),Sat Jun 06 2026 00:00:00 GMT-0300 (Horário Padrão de Brasília),Sat Jun 13 2026 23:09:34 GMT-0300 (Horário Padrão de Brasília),Sat Jun 13 2026 23:09:34 GMT-0300 (Horário Padrão de Brasília),
78,03-0033,JT20102VJ0002,concluida,,true,,Wed Jun 03 2026 00:00:00 GMT-0300 (Horário Padrão de Brasília),Wed Jun 03 2026 00:00:00 GMT-0300 (Horário Padrão de Brasília),Sat Jun 13 2026 23:09:34 GMT-0300 (Horário Padrão de Brasília),Sat Jun 13 2026 23:09:34 GMT-0300 (Horário Padrão de Brasília),
80,03-0103,JT20102VJ0001,concluida,,false,,Mon Jun 08 2026 00:00:00 GMT-0300 (Horário Padrão de Brasília),Fri Jun 05 2026 00:00:00 GMT-0300 (Horário Padrão de Brasília),Sat Jun 13 2026 23:09:34 GMT-0300 (Horário Padrão de Brasília),Sat Jun 13 2026 23:09:34 GMT-0300 (Horário Padrão de Brasília),
82,03-0007,JT10304VJ0048,concluida,,true,,Sat May 30 2026 00:00:00 GMT-0300 (Horário Padrão de Brasília),Sat May 30 2026 00:00:00 GMT-0300 (Horário Padrão de Brasília),Sat Jun 13 2026 23:09:34 GMT-0300 (Horário Padrão de Brasília),Sat Jun 13 2026 23:09:34 GMT-0300 (Horário Padrão de Brasília),
83,03-0019,JT10304VJ0049,concluida,,true,,Wed Jun 10 2026 00:00:00 GMT-0300 (Horário Padrão de Brasília),Wed Jun 10 2026 00:00:00 GMT-0300 (Horário Padrão de Brasília),Sat Jun 13 2026 23:09:34 GMT-0300 (Horário Padrão de Brasília),Sat Jun 13 2026 23:09:34 GMT-0300 (Horário Padrão de Brasília),
84,03-0016,JT10304VJ0050,concluida,,true,,Wed May 27 2026 00:00:00 GMT-0300 (Horário Padrão de Brasília),Wed May 27 2026 00:00:00 GMT-0300 (Horário Padrão de Brasília),Sat Jun 13 2026 23:09:34 GMT-0300 (Horário Padrão de Brasília),Sat Jun 13 2026 23:09:34 GMT-0300 (Horário Padrão de Brasília),
87,03-0005,JT10202VJ0054,concluida,,true,,Mon May 18 2026 00:00:00 GMT-0300 (Horário Padrão de Brasília),Mon May 18 2026 00:00:00 GMT-0300 (Horário Padrão de Brasília),Sat Jun 13 2026 23:09:34 GMT-0300 (Horário Padrão de Brasília),Sat Jun 13 2026 23:09:34 GMT-0300 (Horário Padrão de Brasília),
89,03-0093,JT10302VJ0017,concluida,,true,,Thu Jun 11 2026 00:00:00 GMT-0300 (Horário Padrão de Brasília),Thu Jun 11 2026 00:00:00 GMT-0300 (Horário Padrão de Brasília),Sat Jun 13 2026 23:09:34 GMT-0300 (Horário Padrão de Brasília),Sat Jun 13 2026 23:09:34 GMT-0300 (Horário Padrão de Brasília),
90,03-0137,JT10303VJ0021,concluida,,false,,Tue Jun 09 2026 00:00:00 GMT-0300 (Horário Padrão de Brasília),Sun Jun 07 2026 00:00:00 GMT-0300 (Horário Padrão de Brasília),Sat Jun 13 2026 23:09:34 GMT-0300 (Horário Padrão de Brasília),Sat Jun 13 2026 23:09:34 GMT-0300 (Horário Padrão de Brasília),
91,03-0135,JT10303VJ0022,concluida,,true,,Tue May 19 2026 00:00:00 GMT-0300 (Horário Padrão de Brasília),Tue May 19 2026 00:00:00 GMT-0300 (Horário Padrão de Brasília),Sat Jun 13 2026 23:09:34 GMT-0300 (Horário Padrão de Brasília),Sat Jun 13 2026 23:09:34 GMT-0300 (Horário Padrão de Brasília),
92,03-0141,JT10302VJ0018,concluida,,true,,Mon May 18 2026 00:00:00 GMT-0300 (Horário Padrão de Brasília),Mon May 18 2026 00:00:00 GMT-0300 (Horário Padrão de Brasília),Sat Jun 13 2026 23:09:34 GMT-0300 (Horário Padrão de Brasília),Sat Jun 13 2026 23:09:34 GMT-0300 (Horário Padrão de Brasília),
93,03-0110,JT10302VJ0014,concluida,,true,,Thu May 14 2026 00:00:00 GMT-0300 (Horário Padrão de Brasília),Thu May 14 2026 00:00:00 GMT-0300 (Horário Padrão de Brasília),Sat Jun 13 2026 23:09:34 GMT-0300 (Horário Padrão de Brasília),Sat Jun 13 2026 23:09:34 GMT-0300 (Horário Padrão de Brasília),
94,03-0030,JT10302VJ0015,concluida,,true,,Thu May 28 2026 00:00:00 GMT-0300 (Horário Padrão de Brasília),Thu May 28 2026 00:00:00 GMT-0300 (Horário Padrão de Brasília),Sat Jun 13 2026 23:09:34 GMT-0300 (Horário Padrão de Brasília),Sat Jun 13 2026 23:09:34 GMT-0300 (Horário Padrão de Brasília),
96,03-0123,JT10302VJ0012,concluida,,true,,Thu May 14 2026 00:00:00 GMT-0300 (Horário Padrão de Brasília),Thu May 14 2026 00:00:00 GMT-0300 (Horário Padrão de Brasília),Sat Jun 13 2026 23:09:34 GMT-0300 (Horário Padrão de Brasília),Sat Jun 13 2026 23:09:34 GMT-0300 (Horário Padrão de Brasília),
97,03-0090,JT10303VJ0032,concluida,,false,,Tue Jun 09 2026 00:00:00 GMT-0300 (Horário Padrão de Brasília),Tue May 26 2026 00:00:00 GMT-0300 (Horário Padrão de Brasília),Sat Jun 13 2026 23:09:34 GMT-0300 (Horário Padrão de Brasília),Sat Jun 13 2026 23:09:34 GMT-0300 (Horário Padrão de Brasília),
98,03-0081,JT10303VJ0027,concluida,,true,,Tue Jun 02 2026 00:00:00 GMT-0300 (Horário Padrão de Brasília),Tue Jun 02 2026 00:00:00 GMT-0300 (Horário Padrão de Brasília),Sat Jun 13 2026 23:09:34 GMT-0300 (Horário Padrão de Brasília),Sat Jun 13 2026 23:09:34 GMT-0300 (Horário Padrão de Brasília),
99,03-0063,JT10303VJ0028,concluida,,true,,Tue May 05 2026 00:00:00 GMT-0300 (Horário Padrão de Brasília),Tue May 05 2026 00:00:00 GMT-0300 (Horário Padrão de Brasília),Sat Jun 13 2026 23:09:34 GMT-0300 (Horário Padrão de Brasília),Sat Jun 13 2026 23:09:34 GMT-0300 (Horário Padrão de Brasília),
100,03-0128,JT10303VJ0030,concluida,,false,,Tue Jun 09 2026 00:00:00 GMT-0300 (Horário Padrão de Brasília),Mon Jun 08 2026 00:00:00 GMT-0300 (Horário Padrão de Brasília),Sat Jun 13 2026 23:09:34 GMT-0300 (Horário Padrão de Brasília),Sat Jun 13 2026 23:09:34 GMT-0300 (Horário Padrão de Brasília),
101,03-0111,JT10303VJ0058,concluida,,true,,Tue Jun 09 2026 00:00:00 GMT-0300 (Horário Padrão de Brasília),Tue Jun 09 2026 00:00:00 GMT-0300 (Horário Padrão de Brasília),Sat Jun 13 2026 23:09:34 GMT-0300 (Horário Padrão de Brasília),Sat Jun 13 2026 23:09:34 GMT-0300 (Horário Padrão de Brasília),
102,03-0041,JT10303VJ0033,concluida,,true,,Tue May 19 2026 00:00:00 GMT-0300 (Horário Padrão de Brasília),Tue May 19 2026 00:00:00 GMT-0300 (Horário Padrão de Brasília),Sat Jun 13 2026 23:09:34 GMT-0300 (Horário Padrão de Brasília),Sat Jun 13 2026 23:09:34 GMT-0300 (Horário Padrão de Brasília),
105,03-0091,JT10304VJ0044,concluida,,true,,Sat May 30 2026 00:00:00 GMT-0300 (Horário Padrão de Brasília),Sat May 30 2026 00:00:00 GMT-0300 (Horário Padrão de Brasília),Sat Jun 13 2026 23:09:34 GMT-0300 (Horário Padrão de Brasília),Sat Jun 13 2026 23:09:34 GMT-0300 (Horário Padrão de Brasília),
107,03-0024,JT10304VJ0046,concluida,,true,,Wed May 27 2026 00:00:00 GMT-0300 (Horário Padrão de Brasília),Wed May 27 2026 00:00:00 GMT-0300 (Horário Padrão de Brasília),Sat Jun 13 2026 23:09:34 GMT-0300 (Horário Padrão de Brasília),Sat Jun 13 2026 23:09:34 GMT-0300 (Horário Padrão de Brasília),
108,03-0140,JT10203VJ0053,concluida,,true,,Thu May 28 2026 00:00:00 GMT-0300 (Horário Padrão de Brasília),Thu May 28 2026 00:00:00 GMT-0300 (Horário Padrão de Brasília),Sat Jun 13 2026 23:09:34 GMT-0300 (Horário Padrão de Brasília),Sat Jun 13 2026 23:09:34 GMT-0300 (Horário Padrão de Brasília),
109,03-0054,JT10304VJ0040,concluida,,true,,Sat May 30 2026 00:00:00 GMT-0300 (Horário Padrão de Brasília),Sat May 30 2026 00:00:00 GMT-0300 (Horário Padrão de Brasília),Sat Jun 13 2026 23:09:34 GMT-0300 (Horário Padrão de Brasília),Sat Jun 13 2026 23:09:34 GMT-0300 (Horário Padrão de Brasília),
110,03-0122,CV10202VJ0039,concluida,,true,,Wed Jun 03 2026 00:00:00 GMT-0300 (Horário Padrão de Brasília),Wed Jun 03 2026 00:00:00 GMT-0300 (Horário Padrão de Brasília),Sat Jun 13 2026 23:09:34 GMT-0300 (Horário Padrão de Brasília),Sat Jun 13 2026 23:09:34 GMT-0300 (Horário Padrão de Brasília),
111,03-0065,CV10302VJ0013,concluida,,false,,Mon Jun 08 2026 00:00:00 GMT-0300 (Horário Padrão de Brasília),Mon Jun 01 2026 00:00:00 GMT-0300 (Horário Padrão de Brasília),Sat Jun 13 2026 23:09:34 GMT-0300 (Horário Padrão de Brasília),Sat Jun 13 2026 23:09:34 GMT-0300 (Horário Padrão de Brasília),
112,03-0114,CV10202VJ0043,concluida,,true,,Mon Jun 08 2026 00:00:00 GMT-0300 (Horário Padrão de Brasília),Mon Jun 08 2026 00:00:00 GMT-0300 (Horário Padrão de Brasília),Sat Jun 13 2026 23:09:34 GMT-0300 (Horário Padrão de Brasília),Sat Jun 13 2026 23:09:34 GMT-0300 (Horário Padrão de Brasília),
113,03-0105,CV10302VJ0015,concluida,,true,,Mon May 25 2026 00:00:00 GMT-0300 (Horário Padrão de Brasília),Mon May 25 2026 00:00:00 GMT-0300 (Horário Padrão de Brasília),Sat Jun 13 2026 23:09:34 GMT-0300 (Horário Padrão de Brasília),Sat Jun 13 2026 23:09:34 GMT-0300 (Horário Padrão de Brasília),
114,03-0126,CV10202VJ0033,concluida,,true,,Fri Jun 05 2026 00:00:00 GMT-0300 (Horário Padrão de Brasília),Fri Jun 05 2026 00:00:00 GMT-0300 (Horário Padrão de Brasília),Sat Jun 13 2026 23:09:34 GMT-0300 (Horário Padrão de Brasília),Sat Jun 13 2026 23:09:34 GMT-0300 (Horário Padrão de Brasília),
115,03-0084,CV10302VJ0011,concluida,,true,,Mon May 25 2026 00:00:00 GMT-0300 (Horário Padrão de Brasília),Mon May 25 2026 00:00:00 GMT-0300 (Horário Padrão de Brasília),Sat Jun 13 2026 23:09:34 GMT-0300 (Horário Padrão de Brasília),Sat Jun 13 2026 23:09:34 GMT-0300 (Horário Padrão de Brasília),
116,03-0085,CV10202VJ0036,concluida,,true,,Mon Jun 08 2026 00:00:00 GMT-0300 (Horário Padrão de Brasília),Mon Jun 08 2026 00:00:00 GMT-0300 (Horário Padrão de Brasília),Sat Jun 13 2026 23:09:34 GMT-0300 (Horário Padrão de Brasília),Sat Jun 13 2026 23:09:34 GMT-0300 (Horário Padrão de Brasília),
117,03-0121,CV10202VJ0040,concluida,,true,,Fri May 29 2026 00:00:00 GMT-0300 (Horário Padrão de Brasília),Fri May 29 2026 00:00:00 GMT-0300 (Horário Padrão de Brasília),Sat Jun 13 2026 23:09:34 GMT-0300 (Horário Padrão de Brasília),Sat Jun 13 2026 23:09:34 GMT-0300 (Horário Padrão de Brasília),
118,03-0108,CV10202VJ0042,concluida,,true,,Mon Jun 08 2026 00:00:00 GMT-0300 (Horário Padrão de Brasília),Mon Jun 08 2026 00:00:00 GMT-0300 (Horário Padrão de Brasília),Sat Jun 13 2026 23:09:34 GMT-0300 (Horário Padrão de Brasília),Sat Jun 13 2026 23:09:34 GMT-0300 (Horário Padrão de Brasília),
119,03-0056,CV10202VJ0032,concluida,,true,,Wed Jun 10 2026 00:00:00 GMT-0300 (Horário Padrão de Brasília),Wed Jun 10 2026 00:00:00 GMT-0300 (Horário Padrão de Brasília),Sat Jun 13 2026 23:09:34 GMT-0300 (Horário Padrão de Brasília),Sat Jun 13 2026 23:09:34 GMT-0300 (Horário Padrão de Brasília),
120,03-0139,CV10302VJ0014,concluida,,true,,Thu Jun 11 2026 00:00:00 GMT-0300 (Horário Padrão de Brasília),Thu Jun 11 2026 00:00:00 GMT-0300 (Horário Padrão de Brasília),Sat Jun 13 2026 23:09:34 GMT-0300 (Horário Padrão de Brasília),Sat Jun 13 2026 23:09:34 GMT-0300 (Horário Padrão de Brasília),
121,03-0132,CV10202VJ0038,concluida,,true,,Mon Jun 08 2026 00:00:00 GMT-0300 (Horário Padrão de Brasília),Mon Jun 08 2026 00:00:00 GMT-0300 (Horário Padrão de Brasília),Sat Jun 13 2026 23:09:34 GMT-0300 (Horário Padrão de Brasília),Sat Jun 13 2026 23:09:34 GMT-0300 (Horário Padrão de Brasília),
122,03-0076,JT10302VJ0057,concluida,,true,,Mon Jun 08 2026 00:00:00 GMT-0300 (Horário Padrão de Brasília),Mon Jun 08 2026 00:00:00 GMT-0300 (Horário Padrão de Brasília),Sat Jun 13 2026 23:09:34 GMT-0300 (Horário Padrão de Brasília),Sat Jun 13 2026 23:09:34 GMT-0300 (Horário Padrão de Brasília),
123,03-0052,JT10302VJ0006,concluida,,true,,Mon Jun 08 2026 00:00:00 GMT-0300 (Horário Padrão de Brasília),Mon Jun 08 2026 00:00:00 GMT-0300 (Horário Padrão de Brasília),Sat Jun 13 2026 23:09:34 GMT-0300 (Horário Padrão de Brasília),Sat Jun 13 2026 23:09:34 GMT-0300 (Horário Padrão de Brasília),
124,03-0117,JT10302VJ0013,concluida,,true,,Thu May 14 2026 00:00:00 GMT-0300 (Horário Padrão de Brasília),Thu May 14 2026 00:00:00 GMT-0300 (Horário Padrão de Brasília),Sat Jun 13 2026 23:09:34 GMT-0300 (Horário Padrão de Brasília),Sat Jun 13 2026 23:09:34 GMT-0300 (Horário Padrão de Brasília),
125,03-0066,CV10203VJ0048,concluida,,true,,Tue Jun 09 2026 00:00:00 GMT-0300 (Horário Padrão de Brasília),Tue Jun 09 2026 00:00:00 GMT-0300 (Horário Padrão de Brasília),Sat Jun 13 2026 23:09:34 GMT-0300 (Horário Padrão de Brasília),Sat Jun 13 2026 23:09:34 GMT-0300 (Horário Padrão de Brasília),
126,03-0134,CV10203VJ0049,concluida,,true,,Tue May 19 2026 00:00:00 GMT-0300 (Horário Padrão de Brasília),Tue May 19 2026 00:00:00 GMT-0300 (Horário Padrão de Brasília),Sat Jun 13 2026 23:09:34 GMT-0300 (Horário Padrão de Brasília),Sat Jun 13 2026 23:09:34 GMT-0300 (Horário Padrão de Brasília),
127,03-0071,CV10203VJ0050,concluida,,true,,Tue Jun 02 2026 00:00:00 GMT-0300 (Horário Padrão de Brasília),Tue Jun 02 2026 00:00:00 GMT-0300 (Horário Padrão de Brasília),Sat Jun 13 2026 23:09:34 GMT-0300 (Horário Padrão de Brasília),Sat Jun 13 2026 23:09:34 GMT-0300 (Horário Padrão de Brasília),
128,03-0100,CV10203VJ0054,concluida,,true,,Tue May 26 2026 00:00:00 GMT-0300 (Horário Padrão de Brasília),Tue May 26 2026 00:00:00 GMT-0300 (Horário Padrão de Brasília),Sat Jun 13 2026 23:09:34 GMT-0300 (Horário Padrão de Brasília),Sat Jun 13 2026 23:09:34 GMT-0300 (Horário Padrão de Brasília),
129,03-0028,CV10203VJ0058,concluida,,true,,Sat May 16 2026 00:00:00 GMT-0300 (Horário Padrão de Brasília),Sat May 16 2026 00:00:00 GMT-0300 (Horário Padrão de Brasília),Sat Jun 13 2026 23:09:34 GMT-0300 (Horário Padrão de Brasília),Sat Jun 13 2026 23:09:34 GMT-0300 (Horário Padrão de Brasília),
130,03-0034,CV10203VJ0059,concluida,,true,,Sat May 30 2026 00:00:00 GMT-0300 (Horário Padrão de Brasília),Sat May 30 2026 00:00:00 GMT-0300 (Horário Padrão de Brasília),Sat Jun 13 2026 23:09:34 GMT-0300 (Horário Padrão de Brasília),Sat Jun 13 2026 23:09:34 GMT-0300 (Horário Padrão de Brasília),
131,03-0073,CV10303VJ0017,concluida,,false,,Fri Jun 12 2026 00:00:00 GMT-0300 (Horário Padrão de Brasília),Tue Jun 09 2026 00:00:00 GMT-0300 (Horário Padrão de Brasília),Sat Jun 13 2026 23:09:34 GMT-0300 (Horário Padrão de Brasília),Sat Jun 13 2026 23:09:34 GMT-0300 (Horário Padrão de Brasília),
132,03-0067,CV10303VJ0021,concluida,,true,,Tue May 12 2026 00:00:00 GMT-0300 (Horário Padrão de Brasília),Tue May 12 2026 00:00:00 GMT-0300 (Horário Padrão de Brasília),Sat Jun 13 2026 23:09:34 GMT-0300 (Horário Padrão de Brasília),Sat Jun 13 2026 23:09:34 GMT-0300 (Horário Padrão de Brasília),
136,03-0040,JT10304VJ0037,concluida,,true,,Sat May 16 2026 00:00:00 GMT-0300 (Horário Padrão de Brasília),Sat May 16 2026 00:00:00 GMT-0300 (Horário Padrão de Brasília),Sat Jun 13 2026 23:09:34 GMT-0300 (Horário Padrão de Brasília),Sat Jun 13 2026 23:09:34 GMT-0300 (Horário Padrão de Brasília),
137,03-0092,CV10302VJ0012,concluida,,true,,Mon Jun 08 2026 00:00:00 GMT-0300 (Horário Padrão de Brasília),Mon Jun 08 2026 00:00:00 GMT-0300 (Horário Padrão de Brasília),Sat Jun 13 2026 23:09:34 GMT-0300 (Horário Padrão de Brasília),Sat Jun 13 2026 23:09:34 GMT-0300 (Horário Padrão de Brasília),
138,03-0070,CV10302VJ0016,concluida,,true,,Mon May 25 2026 00:00:00 GMT-0300 (Horário Padrão de Brasília),Mon May 25 2026 00:00:00 GMT-0300 (Horário Padrão de Brasília),Sat Jun 13 2026 23:09:34 GMT-0300 (Horário Padrão de Brasília),Sat Jun 13 2026 23:09:34 GMT-0300 (Horário Padrão de Brasília),
139,03-0074,JT10302VJ0008,concluida,,true,,Thu May 14 2026 00:00:00 GMT-0300 (Horário Padrão de Brasília),Thu May 14 2026 00:00:00 GMT-0300 (Horário Padrão de Brasília),Sat Jun 13 2026 23:09:34 GMT-0300 (Horário Padrão de Brasília),Sat Jun 13 2026 23:09:34 GMT-0300 (Horário Padrão de Brasília),
140,03-0079,JT10302VJ0009,concluida,,true,,Thu May 14 2026 00:00:00 GMT-0300 (Horário Padrão de Brasília),Thu May 14 2026 00:00:00 GMT-0300 (Horário Padrão de Brasília),Sat Jun 13 2026 23:09:34 GMT-0300 (Horário Padrão de Brasília),Sat Jun 13 2026 23:09:34 GMT-0300 (Horário Padrão de Brasília),
141,03-0018,JT10302VJ0010,concluida,,true,,Thu May 14 2026 00:00:00 GMT-0300 (Horário Padrão de Brasília),Thu May 14 2026 00:00:00 GMT-0300 (Horário Padrão de Brasília),Sat Jun 13 2026 23:09:34 GMT-0300 (Horário Padrão de Brasília),Sat Jun 13 2026 23:09:34 GMT-0300 (Horário Padrão de Brasília),
142,03-0142,JT10303VJ0023,concluida,,true,,Tue May 05 2026 00:00:00 GMT-0300 (Horário Padrão de Brasília),Tue May 05 2026 00:00:00 GMT-0300 (Horário Padrão de Brasília),Sat Jun 13 2026 23:09:34 GMT-0300 (Horário Padrão de Brasília),Sat Jun 13 2026 23:09:34 GMT-0300 (Horário Padrão de Brasília),
143,03-0133,JT10303VJ0031,concluida,,true,,Fri Jun 05 2026 00:00:00 GMT-0300 (Horário Padrão de Brasília),Fri Jun 05 2026 00:00:00 GMT-0300 (Horário Padrão de Brasília),Sat Jun 13 2026 23:09:34 GMT-0300 (Horário Padrão de Brasília),Sat Jun 13 2026 23:09:34 GMT-0300 (Horário Padrão de Brasília),
144,03-0053,JT10303VJ0034,concluida,,true,,Fri Jun 05 2026 00:00:00 GMT-0300 (Horário Padrão de Brasília),Fri Jun 05 2026 00:00:00 GMT-0300 (Horário Padrão de Brasília),Sat Jun 13 2026 23:09:34 GMT-0300 (Horário Padrão de Brasília),Sat Jun 13 2026 23:09:34 GMT-0300 (Horário Padrão de Brasília),
145,03-0078,CV10303VJ0018,concluida,,true,,Tue May 19 2026 00:00:00 GMT-0300 (Horário Padrão de Brasília),Tue May 19 2026 00:00:00 GMT-0300 (Horário Padrão de Brasília),Sat Jun 13 2026 23:09:34 GMT-0300 (Horário Padrão de Brasília),Sat Jun 13 2026 23:09:34 GMT-0300 (Horário Padrão de Brasília),
146,03-0064,CV10101VJ0003,concluida,,true,,Tue Jun 09 2026 00:00:00 GMT-0300 (Horário Padrão de Brasília),Tue Jun 09 2026 00:00:00 GMT-0300 (Horário Padrão de Brasília),Sat Jun 13 2026 23:09:34 GMT-0300 (Horário Padrão de Brasília),Sat Jun 13 2026 23:09:34 GMT-0300 (Horário Padrão de Brasília),
147,03-0106,CV10101VL0002,concluida,,true,,Mon May 11 2026 00:00:00 GMT-0300 (Horário Padrão de Brasília),Mon May 11 2026 00:00:00 GMT-0300 (Horário Padrão de Brasília),Sat Jun 13 2026 23:09:34 GMT-0300 (Horário Padrão de Brasília),Sat Jun 13 2026 23:09:34 GMT-0300 (Horário Padrão de Brasília),
148,03-0003,CV10304VJ0025,concluida,,true,,Wed Jun 03 2026 00:00:00 GMT-0300 (Horário Padrão de Brasília),Wed Jun 03 2026 00:00:00 GMT-0300 (Horário Padrão de Brasília),Sat Jun 13 2026 23:09:34 GMT-0300 (Horário Padrão de Brasília),Sat Jun 13 2026 23:09:34 GMT-0300 (Horário Padrão de Brasília),
149,03-0310,MG10101VL0002,concluida,,true,,Fri Jun 12 2026 00:00:00 GMT-0300 (Horário Padrão de Brasília),Fri Jun 12 2026 00:00:00 GMT-0300 (Horário Padrão de Brasília),Sat Jun 13 2026 23:09:34 GMT-0300 (Horário Padrão de Brasília),Sat Jun 13 2026 23:09:34 GMT-0300 (Horário Padrão de Brasília),
150,03-0179,MG10202VJ0026,concluida,,true,,Wed Jun 03 2026 00:00:00 GMT-0300 (Horário Padrão de Brasília),Wed Jun 03 2026 00:00:00 GMT-0300 (Horário Padrão de Brasília),Sat Jun 13 2026 23:09:34 GMT-0300 (Horário Padrão de Brasília),Sat Jun 13 2026 23:09:34 GMT-0300 (Horário Padrão de Brasília),
151,03-0239,MG10202VJ0030,concluida,,true,,Wed Jun 10 2026 00:00:00 GMT-0300 (Horário Padrão de Brasília),Wed Jun 10 2026 00:00:00 GMT-0300 (Horário Padrão de Brasília),Sat Jun 13 2026 23:09:34 GMT-0300 (Horário Padrão de Brasília),Sat Jun 13 2026 23:09:34 GMT-0300 (Horário Padrão de Brasília),
152,03-0240,MG10202VJ0031,concluida,,false,,Mon Jun 08 2026 00:00:00 GMT-0300 (Horário Padrão de Brasília),Mon Jun 01 2026 00:00:00 GMT-0300 (Horário Padrão de Brasília),Sat Jun 13 2026 23:09:34 GMT-0300 (Horário Padrão de Brasília),Sat Jun 13 2026 23:09:34 GMT-0300 (Horário Padrão de Brasília),
153,03-0233,MG10202VJ0032,concluida,,false,,Fri May 08 2026 00:00:00 GMT-0300 (Horário Padrão de Brasília),Fri May 01 2026 00:00:00 GMT-0300 (Horário Padrão de Brasília),Sat Jun 13 2026 23:09:34 GMT-0300 (Horário Padrão de Brasília),Sat Jun 13 2026 23:09:34 GMT-0300 (Horário Padrão de Brasília),
154,03-0308,MG10202VJ0033,concluida,,false,,Wed Jun 10 2026 00:00:00 GMT-0300 (Horário Padrão de Brasília),Mon Jun 08 2026 00:00:00 GMT-0300 (Horário Padrão de Brasília),Sat Jun 13 2026 23:09:34 GMT-0300 (Horário Padrão de Brasília),Sat Jun 13 2026 23:09:34 GMT-0300 (Horário Padrão de Brasília),
155,03-0319,MG10202VJ0035,concluida,,true,,Fri Jun 12 2026 00:00:00 GMT-0300 (Horário Padrão de Brasília),Fri Jun 12 2026 00:00:00 GMT-0300 (Horário Padrão de Brasília),Sat Jun 13 2026 23:09:34 GMT-0300 (Horário Padrão de Brasília),Sat Jun 13 2026 23:09:34 GMT-0300 (Horário Padrão de Brasília),
156,03-0178,MG10202VJ0036,concluida,,true,,Mon Jun 08 2026 00:00:00 GMT-0300 (Horário Padrão de Brasília),Mon Jun 08 2026 00:00:00 GMT-0300 (Horário Padrão de Brasília),Sat Jun 13 2026 23:09:34 GMT-0300 (Horário Padrão de Brasília),Sat Jun 13 2026 23:09:34 GMT-0300 (Horário Padrão de Brasília),
157,03-0214,MG10303VJ0019,concluida,,true,,Fri Jun 12 2026 00:00:00 GMT-0300 (Horário Padrão de Brasília),Fri Jun 12 2026 00:00:00 GMT-0300 (Horário Padrão de Brasília),Sat Jun 13 2026 23:09:34 GMT-0300 (Horário Padrão de Brasília),Sat Jun 13 2026 23:09:34 GMT-0300 (Horário Padrão de Brasília),
158,03-0288,ST10101VJ0002,concluida,,true,,Tue Jun 02 2026 00:00:00 GMT-0300 (Horário Padrão de Brasília),Tue Jun 02 2026 00:00:00 GMT-0300 (Horário Padrão de Brasília),Sat Jun 13 2026 23:09:34 GMT-0300 (Horário Padrão de Brasília),Sat Jun 13 2026 23:09:34 GMT-0300 (Horário Padrão de Brasília),
159,03-0273,ST10101VJ0005,concluida,,true,,Fri Jun 05 2026 00:00:00 GMT-0300 (Horário Padrão de Brasília),Fri Jun 05 2026 00:00:00 GMT-0300 (Horário Padrão de Brasília),Sat Jun 13 2026 23:09:34 GMT-0300 (Horário Padrão de Brasília),Sat Jun 13 2026 23:09:34 GMT-0300 (Horário Padrão de Brasília),
160,03-0302,ST10101VJ0006,concluida,,true,,Tue Jun 09 2026 00:00:00 GMT-0300 (Horário Padrão de Brasília),Tue Jun 09 2026 00:00:00 GMT-0300 (Horário Padrão de Brasília),Sat Jun 13 2026 23:09:34 GMT-0300 (Horário Padrão de Brasília),Sat Jun 13 2026 23:09:34 GMT-0300 (Horário Padrão de Brasília),
161,03-0267,ST10101VJ0007,concluida,,true,,Wed May 27 2026 00:00:00 GMT-0300 (Horário Padrão de Brasília),Wed May 27 2026 00:00:00 GMT-0300 (Horário Padrão de Brasília),Sat Jun 13 2026 23:09:34 GMT-0300 (Horário Padrão de Brasília),Sat Jun 13 2026 23:09:34 GMT-0300 (Horário Padrão de Brasília),
162,03-0311,ST10101VJ0013,concluida,,false,,Thu May 28 2026 00:00:00 GMT-0300 (Horário Padrão de Brasília),Wed May 27 2026 00:00:00 GMT-0300 (Horário Padrão de Brasília),Sat Jun 13 2026 23:09:34 GMT-0300 (Horário Padrão de Brasília),Sat Jun 13 2026 23:09:34 GMT-0300 (Horário Padrão de Brasília),
163,03-0196,ST10101VJ0014,concluida,,false,,Fri Jun 05 2026 00:00:00 GMT-0300 (Horário Padrão de Brasília),Fri May 08 2026 00:00:00 GMT-0300 (Horário Padrão de Brasília),Sat Jun 13 2026 23:09:34 GMT-0300 (Horário Padrão de Brasília),Sat Jun 13 2026 23:09:34 GMT-0300 (Horário Padrão de Brasília),
164,03-0244,ST10101VJ0015,concluida,,true,,Sat Jun 06 2026 00:00:00 GMT-0300 (Horário Padrão de Brasília),Sat Jun 06 2026 00:00:00 GMT-0300 (Horário Padrão de Brasília),Sat Jun 13 2026 23:09:34 GMT-0300 (Horário Padrão de Brasília),Sat Jun 13 2026 23:09:34 GMT-0300 (Horário Padrão de Brasília),
165,03-0144,ST10101VJ0019,concluida,,true,,Fri Jun 12 2026 00:00:00 GMT-0300 (Horário Padrão de Brasília),Fri Jun 12 2026 00:00:00 GMT-0300 (Horário Padrão de Brasília),Sat Jun 13 2026 23:09:34 GMT-0300 (Horário Padrão de Brasília),Sat Jun 13 2026 23:09:34 GMT-0300 (Horário Padrão de Brasília),
166,03-0270,ST10101VJ0009,concluida,,true,,Fri May 29 2026 00:00:00 GMT-0300 (Horário Padrão de Brasília),Fri May 29 2026 00:00:00 GMT-0300 (Horário Padrão de Brasília),Sat Jun 13 2026 23:09:34 GMT-0300 (Horário Padrão de Brasília),Sat Jun 13 2026 23:09:34 GMT-0300 (Horário Padrão de Brasília),
167,03-0293,ST10101VJ0023,concluida,,true,,Wed May 27 2026 00:00:00 GMT-0300 (Horário Padrão de Brasília),Wed May 27 2026 00:00:00 GMT-0300 (Horário Padrão de Brasília),Sat Jun 13 2026 23:09:34 GMT-0300 (Horário Padrão de Brasília),Sat Jun 13 2026 23:09:34 GMT-0300 (Horário Padrão de Brasília),
168,03-0251,MG10304VJ0020,concluida,,true,,Wed Jun 03 2026 00:00:00 GMT-0300 (Horário Padrão de Brasília),Wed Jun 03 2026 00:00:00 GMT-0300 (Horário Padrão de Brasília),Sat Jun 13 2026 23:09:34 GMT-0300 (Horário Padrão de Brasília),Sat Jun 13 2026 23:09:34 GMT-0300 (Horário Padrão de Brasília),
169,03-0256,MG10203VJ0061,concluida,,true,,Tue Jun 09 2026 00:00:00 GMT-0300 (Horário Padrão de Brasília),Tue Jun 09 2026 00:00:00 GMT-0300 (Horário Padrão de Brasília),Sat Jun 13 2026 23:09:34 GMT-0300 (Horário Padrão de Brasília),Sat Jun 13 2026 23:09:34 GMT-0300 (Horário Padrão de Brasília),
170,03-0171,MG10203VJ0048,concluida,,true,,Sat Jun 06 2026 00:00:00 GMT-0300 (Horário Padrão de Brasília),Sat Jun 06 2026 00:00:00 GMT-0300 (Horário Padrão de Brasília),Sat Jun 13 2026 23:09:34 GMT-0300 (Horário Padrão de Brasília),Sat Jun 13 2026 23:09:34 GMT-0300 (Horário Padrão de Brasília),
171,03-0190,MG10203VJ0069,concluida,,true,,Sat May 23 2026 00:00:00 GMT-0300 (Horário Padrão de Brasília),Sat May 23 2026 00:00:00 GMT-0300 (Horário Padrão de Brasília),Sat Jun 13 2026 23:09:34 GMT-0300 (Horário Padrão de Brasília),Sat Jun 13 2026 23:09:34 GMT-0300 (Horário Padrão de Brasília),
172,03-0197,MG10203VJ0065,concluida,,true,,Tue Jun 02 2026 00:00:00 GMT-0300 (Horário Padrão de Brasília),Tue Jun 02 2026 00:00:00 GMT-0300 (Horário Padrão de Brasília),Sat Jun 13 2026 23:09:34 GMT-0300 (Horário Padrão de Brasília),Sat Jun 13 2026 23:09:34 GMT-0300 (Horário Padrão de Brasília),
173,03-0198,MG10203VJ0055,concluida,,true,,Tue Jun 09 2026 00:00:00 GMT-0300 (Horário Padrão de Brasília),Tue Jun 09 2026 00:00:00 GMT-0300 (Horário Padrão de Brasília),Sat Jun 13 2026 23:09:34 GMT-0300 (Horário Padrão de Brasília),Sat Jun 13 2026 23:09:34 GMT-0300 (Horário Padrão de Brasília),
174,03-0211,MG10203VJ0049,concluida,,true,,Sat Jun 06 2026 00:00:00 GMT-0300 (Horário Padrão de Brasília),Sat Jun 06 2026 00:00:00 GMT-0300 (Horário Padrão de Brasília),Sat Jun 13 2026 23:09:34 GMT-0300 (Horário Padrão de Brasília),Sat Jun 13 2026 23:09:34 GMT-0300 (Horário Padrão de Brasília),
175,03-0148,ST10304VJ0067,concluida,,true,,Wed Jun 10 2026 00:00:00 GMT-0300 (Horário Padrão de Brasília),Wed Jun 10 2026 00:00:00 GMT-0300 (Horário Padrão de Brasília),Sat Jun 13 2026 23:09:34 GMT-0300 (Horário Padrão de Brasília),Sat Jun 13 2026 23:09:34 GMT-0300 (Horário Padrão de Brasília),
176,03-0150,ST10304VJ0066,concluida,,true,,Wed Jun 10 2026 00:00:00 GMT-0300 (Horário Padrão de Brasília),Wed Jun 10 2026 00:00:00 GMT-0300 (Horário Padrão de Brasília),Sat Jun 13 2026 23:09:34 GMT-0300 (Horário Padrão de Brasília),Sat Jun 13 2026 23:09:34 GMT-0300 (Horário Padrão de Brasília),
177,03-0186,ST10304VJ0068,concluida,,false,,Wed Jun 10 2026 00:00:00 GMT-0300 (Horário Padrão de Brasília),Sun Jun 07 2026 00:00:00 GMT-0300 (Horário Padrão de Brasília),Sat Jun 13 2026 23:09:34 GMT-0300 (Horário Padrão de Brasília),Sat Jun 13 2026 23:09:34 GMT-0300 (Horário Padrão de Brasília),
178,03-0189,ST10304VJ0061,concluida,,true,,Wed Jun 10 2026 00:00:00 GMT-0300 (Horário Padrão de Brasília),Wed Jun 10 2026 00:00:00 GMT-0300 (Horário Padrão de Brasília),Sat Jun 13 2026 23:09:34 GMT-0300 (Horário Padrão de Brasília),Sat Jun 13 2026 23:09:34 GMT-0300 (Horário Padrão de Brasília),
179,03-0299,ST10304VJ0055,concluida,,true,,Wed Jun 10 2026 00:00:00 GMT-0300 (Horário Padrão de Brasília),Wed Jun 10 2026 00:00:00 GMT-0300 (Horário Padrão de Brasília),Sat Jun 13 2026 23:09:34 GMT-0300 (Horário Padrão de Brasília),Sat Jun 13 2026 23:09:34 GMT-0300 (Horário Padrão de Brasília),
180,03-0328,ST10304VJ0065,concluida,,false,,Sat May 30 2026 00:00:00 GMT-0300 (Horário Padrão de Brasília),Tue May 05 2026 00:00:00 GMT-0300 (Horário Padrão de Brasília),Sat Jun 13 2026 23:09:34 GMT-0300 (Horário Padrão de Brasília),Sat Jun 13 2026 23:09:34 GMT-0300 (Horário Padrão de Brasília),
181,03-0329,ST10304VJ0064,concluida,,true,,Wed May 27 2026 00:00:00 GMT-0300 (Horário Padrão de Brasília),Wed May 27 2026 00:00:00 GMT-0300 (Horário Padrão de Brasília),Sat Jun 13 2026 23:09:34 GMT-0300 (Horário Padrão de Brasília),Sat Jun 13 2026 23:09:34 GMT-0300 (Horário Padrão de Brasília),
182,03-0312,MG10202VJ0024,concluida,,true,,Wed Jun 10 2026 00:00:00 GMT-0300 (Horário Padrão de Brasília),Wed Jun 10 2026 00:00:00 GMT-0300 (Horário Padrão de Brasília),Sat Jun 13 2026 23:09:34 GMT-0300 (Horário Padrão de Brasília),Sat Jun 13 2026 23:09:34 GMT-0300 (Horário Padrão de Brasília),
183,03-0290,MG10202VJ0027,concluida,,true,,Wed Jun 03 2026 00:00:00 GMT-0300 (Horário Padrão de Brasília),Wed Jun 03 2026 00:00:00 GMT-0300 (Horário Padrão de Brasília),Sat Jun 13 2026 23:09:34 GMT-0300 (Horário Padrão de Brasília),Sat Jun 13 2026 23:09:34 GMT-0300 (Horário Padrão de Brasília),
184,03-0250,MG10202VJ0028,concluida,,false,,Mon Jun 08 2026 00:00:00 GMT-0300 (Horário Padrão de Brasília),Thu Jun 04 2026 00:00:00 GMT-0300 (Horário Padrão de Brasília),Sat Jun 13 2026 23:09:34 GMT-0300 (Horário Padrão de Brasília),Sat Jun 13 2026 23:09:34 GMT-0300 (Horário Padrão de Brasília),
185,03-0307,MG10202VJ0034,concluida,,true,,Wed Jun 03 2026 00:00:00 GMT-0300 (Horário Padrão de Brasília),Wed Jun 03 2026 00:00:00 GMT-0300 (Horário Padrão de Brasília),Sat Jun 13 2026 23:09:34 GMT-0300 (Horário Padrão de Brasília),Sat Jun 13 2026 23:09:34 GMT-0300 (Horário Padrão de Brasília),
186,03-0180,MG10202VJ0037,concluida,,true,,Fri May 29 2026 00:00:00 GMT-0300 (Horário Padrão de Brasília),Fri May 29 2026 00:00:00 GMT-0300 (Horário Padrão de Brasília),Sat Jun 13 2026 23:09:34 GMT-0300 (Horário Padrão de Brasília),Sat Jun 13 2026 23:09:34 GMT-0300 (Horário Padrão de Brasília),
187,03-0268,MG10202VJ0038,concluida,,true,,Wed Jun 10 2026 00:00:00 GMT-0300 (Horário Padrão de Brasília),Wed Jun 10 2026 00:00:00 GMT-0300 (Horário Padrão de Brasília),Sat Jun 13 2026 23:09:34 GMT-0300 (Horário Padrão de Brasília),Sat Jun 13 2026 23:09:34 GMT-0300 (Horário Padrão de Brasília),
188,03-0269,MG10202VJ0039,concluida,,true,,Wed Jun 03 2026 00:00:00 GMT-0300 (Horário Padrão de Brasília),Wed Jun 03 2026 00:00:00 GMT-0300 (Horário Padrão de Brasília),Sat Jun 13 2026 23:09:34 GMT-0300 (Horário Padrão de Brasília),Sat Jun 13 2026 23:09:34 GMT-0300 (Horário Padrão de Brasília),
189,03-0243,MG10202VJ0040,concluida,,true,,Fri Jun 05 2026 00:00:00 GMT-0300 (Horário Padrão de Brasília),Fri Jun 05 2026 00:00:00 GMT-0300 (Horário Padrão de Brasília),Sat Jun 13 2026 23:09:34 GMT-0300 (Horário Padrão de Brasília),Sat Jun 13 2026 23:09:34 GMT-0300 (Horário Padrão de Brasília),
190,03-0253,ST10101VJ0022,concluida,,true,,Sat Jun 06 2026 00:00:00 GMT-0300 (Horário Padrão de Brasília),Sat Jun 06 2026 00:00:00 GMT-0300 (Horário Padrão de Brasília),Sat Jun 13 2026 23:09:34 GMT-0300 (Horário Padrão de Brasília),Sat Jun 13 2026 23:09:34 GMT-0300 (Horário Padrão de Brasília),
191,03-0291,ST10302VJ0024,concluida,,false,,Thu May 28 2026 00:00:00 GMT-0300 (Horário Padrão de Brasília),Sun Apr 19 2026 00:00:00 GMT-0300 (Horário Padrão de Brasília),Sat Jun 13 2026 23:09:34 GMT-0300 (Horário Padrão de Brasília),Sat Jun 13 2026 23:09:34 GMT-0300 (Horário Padrão de Brasília),
192,03-0222,ST10302VJ0025,concluida,,true,,Thu Jun 11 2026 00:00:00 GMT-0300 (Horário Padrão de Brasília),Thu Jun 11 2026 00:00:00 GMT-0300 (Horário Padrão de Brasília),Sat Jun 13 2026 23:09:34 GMT-0300 (Horário Padrão de Brasília),Sat Jun 13 2026 23:09:34 GMT-0300 (Horário Padrão de Brasília),
193,03-0320,ST10302VJ0026,concluida,,false,,Mon Jun 01 2026 00:00:00 GMT-0300 (Horário Padrão de Brasília),Wed May 27 2026 00:00:00 GMT-0300 (Horário Padrão de Brasília),Sat Jun 13 2026 23:09:34 GMT-0300 (Horário Padrão de Brasília),Sat Jun 13 2026 23:09:34 GMT-0300 (Horário Padrão de Brasília),
194,03-0225,ST10302VJ0027,concluida,,false,,Thu Jun 11 2026 00:00:00 GMT-0300 (Horário Padrão de Brasília),Tue Jun 09 2026 00:00:00 GMT-0300 (Horário Padrão de Brasília),Sat Jun 13 2026 23:09:34 GMT-0300 (Horário Padrão de Brasília),Sat Jun 13 2026 23:09:34 GMT-0300 (Horário Padrão de Brasília),
195,03-0173,ST10302VJ0028,concluida,,true,,Mon Jun 08 2026 00:00:00 GMT-0300 (Horário Padrão de Brasília),Mon Jun 08 2026 00:00:00 GMT-0300 (Horário Padrão de Brasília),Sat Jun 13 2026 23:09:34 GMT-0300 (Horário Padrão de Brasília),Sat Jun 13 2026 23:09:34 GMT-0300 (Horário Padrão de Brasília),
196,03-0192,ST10302VJ0032,concluida,,false,,Thu Jun 11 2026 00:00:00 GMT-0300 (Horário Padrão de Brasília),Mon Jun 08 2026 00:00:00 GMT-0300 (Horário Padrão de Brasília),Sat Jun 13 2026 23:09:34 GMT-0300 (Horário Padrão de Brasília),Sat Jun 13 2026 23:09:34 GMT-0300 (Horário Padrão de Brasília),
197,03-0195,ST10302VJ0033,concluida,,true,,Thu Jun 11 2026 00:00:00 GMT-0300 (Horário Padrão de Brasília),Thu Jun 11 2026 00:00:00 GMT-0300 (Horário Padrão de Brasília),Sat Jun 13 2026 23:09:34 GMT-0300 (Horário Padrão de Brasília),Sat Jun 13 2026 23:09:34 GMT-0300 (Horário Padrão de Brasília),
198,03-0191,MG10203VJ0059,concluida,,true,,Tue Jun 09 2026 00:00:00 GMT-0300 (Horário Padrão de Brasília),Tue Jun 09 2026 00:00:00 GMT-0300 (Horário Padrão de Brasília),Sat Jun 13 2026 23:09:34 GMT-0300 (Horário Padrão de Brasília),Sat Jun 13 2026 23:09:34 GMT-0300 (Horário Padrão de Brasília),
199,03-0216,MG10203VJ0060,concluida,,true,,Sat Jun 06 2026 00:00:00 GMT-0300 (Horário Padrão de Brasília),Sat Jun 06 2026 00:00:00 GMT-0300 (Horário Padrão de Brasília),Sat Jun 13 2026 23:09:34 GMT-0300 (Horário Padrão de Brasília),Sat Jun 13 2026 23:09:34 GMT-0300 (Horário Padrão de Brasília),
200,03-0208,MG10203VJ0066,concluida,,true,,Thu May 21 2026 00:00:00 GMT-0300 (Horário Padrão de Brasília),Thu May 21 2026 00:00:00 GMT-0300 (Horário Padrão de Brasília),Sat Jun 13 2026 23:09:34 GMT-0300 (Horário Padrão de Brasília),Sat Jun 13 2026 23:09:34 GMT-0300 (Horário Padrão de Brasília),
201,03-0274,MG10203VJ0070,concluida,,true,,Sat May 30 2026 00:00:00 GMT-0300 (Horário Padrão de Brasília),Sat May 30 2026 00:00:00 GMT-0300 (Horário Padrão de Brasília),Sat Jun 13 2026 23:09:34 GMT-0300 (Horário Padrão de Brasília),Sat Jun 13 2026 23:09:34 GMT-0300 (Horário Padrão de Brasília),
202,03-0285,ST10203VJ0077,concluida,,false,,Tue Jun 02 2026 00:00:00 GMT-0300 (Horário Padrão de Brasília),Thu May 28 2026 00:00:00 GMT-0300 (Horário Padrão de Brasília),Sat Jun 13 2026 23:09:34 GMT-0300 (Horário Padrão de Brasília),Sat Jun 13 2026 23:09:34 GMT-0300 (Horário Padrão de Brasília),
203,03-0263,ST10203VJ0078,concluida,,true,,Thu Jun 11 2026 00:00:00 GMT-0300 (Horário Padrão de Brasília),Thu Jun 11 2026 00:00:00 GMT-0300 (Horário Padrão de Brasília),Sat Jun 13 2026 23:09:34 GMT-0300 (Horário Padrão de Brasília),Sat Jun 13 2026 23:09:34 GMT-0300 (Horário Padrão de Brasília),
204,03-0321,ST10203VJ0079,concluida,,true,,Sat Jun 06 2026 00:00:00 GMT-0300 (Horário Padrão de Brasília),Sat Jun 06 2026 00:00:00 GMT-0300 (Horário Padrão de Brasília),Sat Jun 13 2026 23:09:34 GMT-0300 (Horário Padrão de Brasília),Sat Jun 13 2026 23:09:34 GMT-0300 (Horário Padrão de Brasília),
205,03-0316,ST10203VJ0080,concluida,,true,,Sat Jun 06 2026 00:00:00 GMT-0300 (Horário Padrão de Brasília),Sat Jun 06 2026 00:00:00 GMT-0300 (Horário Padrão de Brasília),Sat Jun 13 2026 23:09:34 GMT-0300 (Horário Padrão de Brasília),Sat Jun 13 2026 23:09:34 GMT-0300 (Horário Padrão de Brasília),
206,03-0226,ST10303VJ0039,concluida,,true,,Fri Jun 12 2026 00:00:00 GMT-0300 (Horário Padrão de Brasília),Fri Jun 12 2026 00:00:00 GMT-0300 (Horário Padrão de Brasília),Sat Jun 13 2026 23:09:34 GMT-0300 (Horário Padrão de Brasília),Sat Jun 13 2026 23:09:34 GMT-0300 (Horário Padrão de Brasília),
207,03-0151,ST10303VJ0044,concluida,,true,,Fri May 22 2026 00:00:00 GMT-0300 (Horário Padrão de Brasília),Fri May 22 2026 00:00:00 GMT-0300 (Horário Padrão de Brasília),Sat Jun 13 2026 23:09:34 GMT-0300 (Horário Padrão de Brasília),Sat Jun 13 2026 23:09:34 GMT-0300 (Horário Padrão de Brasília),
208,03-0167,ST10303VJ0046,concluida,,true,,Tue Jun 09 2026 00:00:00 GMT-0300 (Horário Padrão de Brasília),Tue Jun 09 2026 00:00:00 GMT-0300 (Horário Padrão de Brasília),Sat Jun 13 2026 23:09:34 GMT-0300 (Horário Padrão de Brasília),Sat Jun 13 2026 23:09:34 GMT-0300 (Horário Padrão de Brasília),
209,03-0203,ST10303VJ0051,concluida,,true,,Tue Jun 09 2026 00:00:00 GMT-0300 (Horário Padrão de Brasília),Tue Jun 09 2026 00:00:00 GMT-0300 (Horário Padrão de Brasília),Sat Jun 13 2026 23:09:34 GMT-0300 (Horário Padrão de Brasília),Sat Jun 13 2026 23:09:34 GMT-0300 (Horário Padrão de Brasília),
210,03-0185,ST10303VJ0052,concluida,,true,,Tue Jun 09 2026 00:00:00 GMT-0300 (Horário Padrão de Brasília),Tue Jun 09 2026 00:00:00 GMT-0300 (Horário Padrão de Brasília),Sat Jun 13 2026 23:09:34 GMT-0300 (Horário Padrão de Brasília),Sat Jun 13 2026 23:09:34 GMT-0300 (Horário Padrão de Brasília),
211,03-0187,ST10303VJ0053,concluida,,true,,Fri May 29 2026 00:00:00 GMT-0300 (Horário Padrão de Brasília),Fri May 29 2026 00:00:00 GMT-0300 (Horário Padrão de Brasília),Sat Jun 13 2026 23:09:34 GMT-0300 (Horário Padrão de Brasília),Sat Jun 13 2026 23:09:34 GMT-0300 (Horário Padrão de Brasília),
212,03-0309,MG10202VJ0023,concluida,,true,,Wed Jun 10 2026 00:00:00 GMT-0300 (Horário Padrão de Brasília),Wed Jun 10 2026 00:00:00 GMT-0300 (Horário Padrão de Brasília),Sat Jun 13 2026 23:09:34 GMT-0300 (Horário Padrão de Brasília),Sat Jun 13 2026 23:09:34 GMT-0300 (Horário Padrão de Brasília),
213,03-0181,MG10202VJ0025,concluida,,true,,Mon Jun 08 2026 00:00:00 GMT-0300 (Horário Padrão de Brasília),Mon Jun 08 2026 00:00:00 GMT-0300 (Horário Padrão de Brasília),Sat Jun 13 2026 23:09:34 GMT-0300 (Horário Padrão de Brasília),Sat Jun 13 2026 23:09:34 GMT-0300 (Horário Padrão de Brasília),
214,03-0220,MG10304VJ0022,concluida,,true,,Wed Jun 03 2026 00:00:00 GMT-0300 (Horário Padrão de Brasília),Wed Jun 03 2026 00:00:00 GMT-0300 (Horário Padrão de Brasília),Sat Jun 13 2026 23:09:34 GMT-0300 (Horário Padrão de Brasília),Sat Jun 13 2026 23:09:34 GMT-0300 (Horário Padrão de Brasília),
215,03-0272,ST10101VJ0001,concluida,,true,,Sat Jun 06 2026 00:00:00 GMT-0300 (Horário Padrão de Brasília),Sat Jun 06 2026 00:00:00 GMT-0300 (Horário Padrão de Brasília),Sat Jun 13 2026 23:09:34 GMT-0300 (Horário Padrão de Brasília),Sat Jun 13 2026 23:09:34 GMT-0300 (Horário Padrão de Brasília),
216,03-0303,ST10101VJ0003,concluida,,true,,Sat Jun 06 2026 00:00:00 GMT-0300 (Horário Padrão de Brasília),Sat Jun 06 2026 00:00:00 GMT-0300 (Horário Padrão de Brasília),Sat Jun 13 2026 23:09:34 GMT-0300 (Horário Padrão de Brasília),Sat Jun 13 2026 23:09:34 GMT-0300 (Horário Padrão de Brasília),
217,03-0284,ST10101VJ0004,concluida,,true,,Fri Jun 12 2026 00:00:00 GMT-0300 (Horário Padrão de Brasília),Fri Jun 12 2026 00:00:00 GMT-0300 (Horário Padrão de Brasília),Sat Jun 13 2026 23:09:34 GMT-0300 (Horário Padrão de Brasília),Sat Jun 13 2026 23:09:34 GMT-0300 (Horário Padrão de Brasília),
218,03-0314,ST10101VJ0008,concluida,,true,,Wed May 20 2026 00:00:00 GMT-0300 (Horário Padrão de Brasília),Wed May 20 2026 00:00:00 GMT-0300 (Horário Padrão de Brasília),Sat Jun 13 2026 23:09:34 GMT-0300 (Horário Padrão de Brasília),Sat Jun 13 2026 23:09:34 GMT-0300 (Horário Padrão de Brasília),
219,03-0219,MG10203VJ0064,concluida,,true,,Tue Jun 02 2026 00:00:00 GMT-0300 (Horário Padrão de Brasília),Tue Jun 02 2026 00:00:00 GMT-0300 (Horário Padrão de Brasília),Sat Jun 13 2026 23:09:34 GMT-0300 (Horário Padrão de Brasília),Sat Jun 13 2026 23:09:34 GMT-0300 (Horário Padrão de Brasília),
220,03-0280,MG10302VJ0015,concluida,,true,,Thu May 21 2026 00:00:00 GMT-0300 (Horário Padrão de Brasília),Thu May 21 2026 00:00:00 GMT-0300 (Horário Padrão de Brasília),Sat Jun 13 2026 23:09:34 GMT-0300 (Horário Padrão de Brasília),Sat Jun 13 2026 23:09:34 GMT-0300 (Horário Padrão de Brasília),
221,03-0297,MG10203VP0026/27,concluida,,true,,Sat Jun 06 2026 00:00:00 GMT-0300 (Horário Padrão de Brasília),Sat Jun 06 2026 00:00:00 GMT-0300 (Horário Padrão de Brasília),Sat Jun 13 2026 23:09:34 GMT-0300 (Horário Padrão de Brasília),Sat Jun 13 2026 23:09:34 GMT-0300 (Horário Padrão de Brasília),
222,03-0292,MG10203VP0028/29,concluida,,false,,Sat Jun 06 2026 00:00:00 GMT-0300 (Horário Padrão de Brasília),Tue May 26 2026 00:00:00 GMT-0300 (Horário Padrão de Brasília),Sat Jun 13 2026 23:09:34 GMT-0300 (Horário Padrão de Brasília),Sat Jun 13 2026 23:09:34 GMT-0300 (Horário Padrão de Brasília),
223,03-0300,MG10203VP0032/33,concluida,,true,,Tue May 26 2026 00:00:00 GMT-0300 (Horário Padrão de Brasília),Tue May 26 2026 00:00:00 GMT-0300 (Horário Padrão de Brasília),Sat Jun 13 2026 23:09:34 GMT-0300 (Horário Padrão de Brasília),Sat Jun 13 2026 23:09:34 GMT-0300 (Horário Padrão de Brasília),
224,03-0259,MG10302VP0038/39/40,concluida,,true,,Mon Jun 01 2026 00:00:00 GMT-0300 (Horário Padrão de Brasília),Mon Jun 01 2026 00:00:00 GMT-0300 (Horário Padrão de Brasília),Sat Jun 13 2026 23:09:34 GMT-0300 (Horário Padrão de Brasília),Sat Jun 13 2026 23:09:34 GMT-0300 (Horário Padrão de Brasília),
225,03-0278,ST10101VJ0010,concluida,,true,,Fri Jun 05 2026 00:00:00 GMT-0300 (Horário Padrão de Brasília),Fri Jun 05 2026 00:00:00 GMT-0300 (Horário Padrão de Brasília),Sat Jun 13 2026 23:09:34 GMT-0300 (Horário Padrão de Brasília),Sat Jun 13 2026 23:09:34 GMT-0300 (Horário Padrão de Brasília),
226,03-0193,ST10101VJ0011,concluida,,true,,Tue Jun 02 2026 00:00:00 GMT-0300 (Horário Padrão de Brasília),Tue Jun 02 2026 00:00:00 GMT-0300 (Horário Padrão de Brasília),Sat Jun 13 2026 23:09:34 GMT-0300 (Horário Padrão de Brasília),Sat Jun 13 2026 23:09:34 GMT-0300 (Horário Padrão de Brasília),
227,03-0245,ST10101VJ0012,concluida,,false,,Wed Jun 10 2026 00:00:00 GMT-0300 (Horário Padrão de Brasília),Sun Jun 07 2026 00:00:00 GMT-0300 (Horário Padrão de Brasília),Sat Jun 13 2026 23:09:34 GMT-0300 (Horário Padrão de Brasília),Sat Jun 13 2026 23:09:34 GMT-0300 (Horário Padrão de Brasília),
228,03-0271,ST10101VJ0017,concluida,,true,,Wed Jun 03 2026 00:00:00 GMT-0300 (Horário Padrão de Brasília),Wed Jun 03 2026 00:00:00 GMT-0300 (Horário Padrão de Brasília),Sat Jun 13 2026 23:09:34 GMT-0300 (Horário Padrão de Brasília),Sat Jun 13 2026 23:09:34 GMT-0300 (Horário Padrão de Brasília),
229,03-0277,ST10101VJ0020,concluida,,true,,Tue Jun 09 2026 00:00:00 GMT-0300 (Horário Padrão de Brasília),Tue Jun 09 2026 00:00:00 GMT-0300 (Horário Padrão de Brasília),Sat Jun 13 2026 23:09:34 GMT-0300 (Horário Padrão de Brasília),Sat Jun 13 2026 23:09:34 GMT-0300 (Horário Padrão de Brasília),
230,03-0152,ST10102VL0001,concluida,,true,,Wed May 27 2026 00:00:00 GMT-0300 (Horário Padrão de Brasília),Wed May 27 2026 00:00:00 GMT-0300 (Horário Padrão de Brasília),Sat Jun 13 2026 23:09:34 GMT-0300 (Horário Padrão de Brasília),Sat Jun 13 2026 23:09:34 GMT-0300 (Horário Padrão de Brasília),
231,03-0238,ST20102VL0002,concluida,,true,,Mon May 18 2026 00:00:00 GMT-0300 (Horário Padrão de Brasília),Mon May 18 2026 00:00:00 GMT-0300 (Horário Padrão de Brasília),Sat Jun 13 2026 23:09:34 GMT-0300 (Horário Padrão de Brasília),Sat Jun 13 2026 23:09:34 GMT-0300 (Horário Padrão de Brasília),
232,03-0157,MG10202VP0013/14,concluida,,true,,Fri Jun 12 2026 00:00:00 GMT-0300 (Horário Padrão de Brasília),Fri Jun 12 2026 00:00:00 GMT-0300 (Horário Padrão de Brasília),Sat Jun 13 2026 23:09:34 GMT-0300 (Horário Padrão de Brasília),Sat Jun 13 2026 23:09:34 GMT-0300 (Horário Padrão de Brasília),
233,03-0164,MG10202VP0022/23,concluida,,true,,Mon Jun 08 2026 00:00:00 GMT-0300 (Horário Padrão de Brasília),Mon Jun 08 2026 00:00:00 GMT-0300 (Horário Padrão de Brasília),Sat Jun 13 2026 23:09:34 GMT-0300 (Horário Padrão de Brasília),Sat Jun 13 2026 23:09:34 GMT-0300 (Horário Padrão de Brasília),
234,03-0224,MG10202VP0017/18/19/20,concluida,,true,,Fri Jun 12 2026 00:00:00 GMT-0300 (Horário Padrão de Brasília),Fri Jun 12 2026 00:00:00 GMT-0300 (Horário Padrão de Brasília),Sat Jun 13 2026 23:09:34 GMT-0300 (Horário Padrão de Brasília),Sat Jun 13 2026 23:09:34 GMT-0300 (Horário Padrão de Brasília),
235,03-0234,MG10202VJ0041,concluida,,true,,Mon Jun 08 2026 00:00:00 GMT-0300 (Horário Padrão de Brasília),Mon Jun 08 2026 00:00:00 GMT-0300 (Horário Padrão de Brasília),Sat Jun 13 2026 23:09:34 GMT-0300 (Horário Padrão de Brasília),Sat Jun 13 2026 23:09:34 GMT-0300 (Horário Padrão de Brasília),
236,03-0236,MG10202VJ0042,concluida,,false,,Mon Jun 08 2026 00:00:00 GMT-0300 (Horário Padrão de Brasília),Sat Jun 06 2026 00:00:00 GMT-0300 (Horário Padrão de Brasília),Sat Jun 13 2026 23:09:34 GMT-0300 (Horário Padrão de Brasília),Sat Jun 13 2026 23:09:34 GMT-0300 (Horário Padrão de Brasília),
237,03-0260,MG10303VP0041/42/43/44/45,concluida,,true,,Fri Jun 05 2026 00:00:00 GMT-0300 (Horário Padrão de Brasília),Fri Jun 05 2026 00:00:00 GMT-0300 (Horário Padrão de Brasília),Sat Jun 13 2026 23:09:34 GMT-0300 (Horário Padrão de Brasília),Sat Jun 13 2026 23:09:34 GMT-0300 (Horário Padrão de Brasília),
238,03-0327,MG10202VP0010/11/12,concluida,,true,,Fri Jun 05 2026 00:00:00 GMT-0300 (Horário Padrão de Brasília),Fri Jun 05 2026 00:00:00 GMT-0300 (Horário Padrão de Brasília),Sat Jun 13 2026 23:09:34 GMT-0300 (Horário Padrão de Brasília),Sat Jun 13 2026 23:09:34 GMT-0300 (Horário Padrão de Brasília),
239,03-0330,MG10202VP0004/05,concluida,,true,,Fri May 29 2026 00:00:00 GMT-0300 (Horário Padrão de Brasília),Fri May 29 2026 00:00:00 GMT-0300 (Horário Padrão de Brasília),Sat Jun 13 2026 23:09:34 GMT-0300 (Horário Padrão de Brasília),Sat Jun 13 2026 23:09:34 GMT-0300 (Horário Padrão de Brasília),
240,03-0174,ST10202VJ0072,concluida,,true,,Wed May 27 2026 00:00:00 GMT-0300 (Horário Padrão de Brasília),Wed May 27 2026 00:00:00 GMT-0300 (Horário Padrão de Brasília),Sat Jun 13 2026 23:09:34 GMT-0300 (Horário Padrão de Brasília),Sat Jun 13 2026 23:09:34 GMT-0300 (Horário Padrão de Brasília),
241,03-0175,ST10202VJ0071,concluida,,true,,Wed Jun 10 2026 00:00:00 GMT-0300 (Horário Padrão de Brasília),Wed Jun 10 2026 00:00:00 GMT-0300 (Horário Padrão de Brasília),Sat Jun 13 2026 23:09:34 GMT-0300 (Horário Padrão de Brasília),Sat Jun 13 2026 23:09:34 GMT-0300 (Horário Padrão de Brasília),
242,03-0176,ST10202VJ0070,concluida,,true,,Mon May 18 2026 00:00:00 GMT-0300 (Horário Padrão de Brasília),Mon May 18 2026 00:00:00 GMT-0300 (Horário Padrão de Brasília),Sat Jun 13 2026 23:09:34 GMT-0300 (Horário Padrão de Brasília),Sat Jun 13 2026 23:09:34 GMT-0300 (Horário Padrão de Brasília),
243,03-0247,ST10303VJ0049,concluida,,true,,Fri May 22 2026 00:00:00 GMT-0300 (Horário Padrão de Brasília),Fri May 22 2026 00:00:00 GMT-0300 (Horário Padrão de Brasília),Sat Jun 13 2026 23:09:34 GMT-0300 (Horário Padrão de Brasília),Sat Jun 13 2026 23:09:34 GMT-0300 (Horário Padrão de Brasília),
244,03-0282,ST10202VJ0073,concluida,,true,,Wed May 27 2026 00:00:00 GMT-0300 (Horário Padrão de Brasília),Wed May 27 2026 00:00:00 GMT-0300 (Horário Padrão de Brasília),Sat Jun 13 2026 23:09:34 GMT-0300 (Horário Padrão de Brasília),Sat Jun 13 2026 23:09:34 GMT-0300 (Horário Padrão de Brasília),
245,03-0286,ST10202VJ0074,concluida,,true,,Wed Jun 03 2026 00:00:00 GMT-0300 (Horário Padrão de Brasília),Wed Jun 03 2026 00:00:00 GMT-0300 (Horário Padrão de Brasília),Sat Jun 13 2026 23:09:34 GMT-0300 (Horário Padrão de Brasília),Sat Jun 13 2026 23:09:34 GMT-0300 (Horário Padrão de Brasília),
246,03-0160,JT10304VP0013,concluida,,false,,Wed May 27 2026 00:00:00 GMT-0300 (Horário Padrão de Brasília),Mon May 04 2026 00:00:00 GMT-0300 (Horário Padrão de Brasília),Sat Jun 13 2026 23:09:34 GMT-0300 (Horário Padrão de Brasília),Sat Jun 13 2026 23:09:34 GMT-0300 (Horário Padrão de Brasília),
247,03-0162,JT10304VP0012,concluida,,false,,Wed May 27 2026 00:00:00 GMT-0300 (Horário Padrão de Brasília),Tue May 05 2026 00:00:00 GMT-0300 (Horário Padrão de Brasília),Sat Jun 13 2026 23:09:34 GMT-0300 (Horário Padrão de Brasília),Sat Jun 13 2026 23:09:34 GMT-0300 (Horário Padrão de Brasília),
248,03-0199,MG10203VJ0068,concluida,,true,,Thu May 21 2026 00:00:00 GMT-0300 (Horário Padrão de Brasília),Thu May 21 2026 00:00:00 GMT-0300 (Horário Padrão de Brasília),Sat Jun 13 2026 23:09:34 GMT-0300 (Horário Padrão de Brasília),Sat Jun 13 2026 23:09:34 GMT-0300 (Horário Padrão de Brasília),
249,03-0202,MG10203VP0037,concluida,,true,,Sat Jun 06 2026 00:00:00 GMT-0300 (Horário Padrão de Brasília),Sat Jun 06 2026 00:00:00 GMT-0300 (Horário Padrão de Brasília),Sat Jun 13 2026 23:09:34 GMT-0300 (Horário Padrão de Brasília),Sat Jun 13 2026 23:09:34 GMT-0300 (Horário Padrão de Brasília),
250,03-0257,MG10203VP0034,concluida,,true,,Sat Jun 06 2026 00:00:00 GMT-0300 (Horário Padrão de Brasília),Sat Jun 06 2026 00:00:00 GMT-0300 (Horário Padrão de Brasília),Sat Jun 13 2026 23:09:34 GMT-0300 (Horário Padrão de Brasília),Sat Jun 13 2026 23:09:34 GMT-0300 (Horário Padrão de Brasília),
251,03-0323,MG10304VJ0021,concluida,,true,,Sat May 23 2026 00:00:00 GMT-0300 (Horário Padrão de Brasília),Sat May 23 2026 00:00:00 GMT-0300 (Horário Padrão de Brasília),Sat Jun 13 2026 23:09:34 GMT-0300 (Horário Padrão de Brasília),Sat Jun 13 2026 23:09:34 GMT-0300 (Horário Padrão de Brasília),
252,03-0205,ST10304VJ0058,concluida,,true,,Sat May 30 2026 00:00:00 GMT-0300 (Horário Padrão de Brasília),Sat May 30 2026 00:00:00 GMT-0300 (Horário Padrão de Brasília),Sat Jun 13 2026 23:09:34 GMT-0300 (Horário Padrão de Brasília),Sat Jun 13 2026 23:09:34 GMT-0300 (Horário Padrão de Brasília),
253,03-0252,ST10304VJ0054,concluida,,true,,Wed May 27 2026 00:00:00 GMT-0300 (Horário Padrão de Brasília),Wed May 27 2026 00:00:00 GMT-0300 (Horário Padrão de Brasília),Sat Jun 13 2026 23:09:34 GMT-0300 (Horário Padrão de Brasília),Sat Jun 13 2026 23:09:34 GMT-0300 (Horário Padrão de Brasília),
254,03-0262,ST10203VJ0075,concluida,,true,,Thu Jun 11 2026 00:00:00 GMT-0300 (Horário Padrão de Brasília),Thu Jun 11 2026 00:00:00 GMT-0300 (Horário Padrão de Brasília),Sat Jun 13 2026 23:09:34 GMT-0300 (Horário Padrão de Brasília),Sat Jun 13 2026 23:09:34 GMT-0300 (Horário Padrão de Brasília),
255,03-0264,ST10203VJ0076,concluida,,true,,Tue Jun 02 2026 00:00:00 GMT-0300 (Horário Padrão de Brasília),Tue Jun 02 2026 00:00:00 GMT-0300 (Horário Padrão de Brasília),Sat Jun 13 2026 23:09:34 GMT-0300 (Horário Padrão de Brasília),Sat Jun 13 2026 23:09:34 GMT-0300 (Horário Padrão de Brasília),
256,03-0298,ST10304VJ0057,concluida,,true,,Wed Jun 10 2026 00:00:00 GMT-0300 (Horário Padrão de Brasília),Wed Jun 10 2026 00:00:00 GMT-0300 (Horário Padrão de Brasília),Sat Jun 13 2026 23:09:34 GMT-0300 (Horário Padrão de Brasília),Sat Jun 13 2026 23:09:34 GMT-0300 (Horário Padrão de Brasília),
257,03-0326,ST10304VJ0062,concluida,,true,,Wed Jun 10 2026 00:00:00 GMT-0300 (Horário Padrão de Brasília),Wed Jun 10 2026 00:00:00 GMT-0300 (Horário Padrão de Brasília),Sat Jun 13 2026 23:09:34 GMT-0300 (Horário Padrão de Brasília),Sat Jun 13 2026 23:09:34 GMT-0300 (Horário Padrão de Brasília),
258,03-0235,MG10202VJ0043,concluida,,false,,Mon Jun 08 2026 00:00:00 GMT-0300 (Horário Padrão de Brasília),Sat May 30 2026 00:00:00 GMT-0300 (Horário Padrão de Brasília),Sat Jun 13 2026 23:09:34 GMT-0300 (Horário Padrão de Brasília),Sat Jun 13 2026 23:09:34 GMT-0300 (Horário Padrão de Brasília),
259,03-0242,MG10202VJ0045,concluida,,true,,Wed Jun 10 2026 00:00:00 GMT-0300 (Horário Padrão de Brasília),Wed Jun 10 2026 00:00:00 GMT-0300 (Horário Padrão de Brasília),Sat Jun 13 2026 23:09:34 GMT-0300 (Horário Padrão de Brasília),Sat Jun 13 2026 23:09:34 GMT-0300 (Horário Padrão de Brasília),
260,03-0153,JT10101VP0002/03,concluida,,true,,Wed May 27 2026 00:00:00 GMT-0300 (Horário Padrão de Brasília),Wed May 27 2026 00:00:00 GMT-0300 (Horário Padrão de Brasília),Sat Jun 13 2026 23:09:34 GMT-0300 (Horário Padrão de Brasília),Sat Jun 13 2026 23:09:34 GMT-0300 (Horário Padrão de Brasília),
261,03-0161,JT10101VP0001,concluida,,true,,Thu Jun 11 2026 00:00:00 GMT-0300 (Horário Padrão de Brasília),Thu Jun 11 2026 00:00:00 GMT-0300 (Horário Padrão de Brasília),Sat Jun 13 2026 23:09:34 GMT-0300 (Horário Padrão de Brasília),Sat Jun 13 2026 23:09:34 GMT-0300 (Horário Padrão de Brasília),
262,03-0156,JT10302VP0004/05,concluida,,true,,Thu May 28 2026 00:00:00 GMT-0300 (Horário Padrão de Brasília),Thu May 28 2026 00:00:00 GMT-0300 (Horário Padrão de Brasília),Sat Jun 13 2026 23:09:34 GMT-0300 (Horário Padrão de Brasília),Sat Jun 13 2026 23:09:34 GMT-0300 (Horário Padrão de Brasília),
263,03-0304,JT10302VP0006/07,concluida,,true,,Thu Jun 11 2026 00:00:00 GMT-0300 (Horário Padrão de Brasília),Thu Jun 11 2026 00:00:00 GMT-0300 (Horário Padrão de Brasília),Sat Jun 13 2026 23:09:34 GMT-0300 (Horário Padrão de Brasília),Sat Jun 13 2026 23:09:34 GMT-0300 (Horário Padrão de Brasília),
264,03-0168,ST10302VJ0029,concluida,,true,,Mon Jun 08 2026 00:00:00 GMT-0300 (Horário Padrão de Brasília),Mon Jun 08 2026 00:00:00 GMT-0300 (Horário Padrão de Brasília),Sat Jun 13 2026 23:09:34 GMT-0300 (Horário Padrão de Brasília),Sat Jun 13 2026 23:09:34 GMT-0300 (Horário Padrão de Brasília),
265,03-0265,ST10302VJ0037,concluida,,true,,Thu May 28 2026 00:00:00 GMT-0300 (Horário Padrão de Brasília),Thu May 28 2026 00:00:00 GMT-0300 (Horário Padrão de Brasília),Sat Jun 13 2026 23:09:34 GMT-0300 (Horário Padrão de Brasília),Sat Jun 13 2026 23:09:34 GMT-0300 (Horário Padrão de Brasília),
266,03-0266,ST10302VJ0036,concluida,,true,,Mon Jun 01 2026 00:00:00 GMT-0300 (Horário Padrão de Brasília),Mon Jun 01 2026 00:00:00 GMT-0300 (Horário Padrão de Brasília),Sat Jun 13 2026 23:09:34 GMT-0300 (Horário Padrão de Brasília),Sat Jun 13 2026 23:09:34 GMT-0300 (Horário Padrão de Brasília),
267,03-0301,ST10102VL0002,concluida,,true,,Mon May 18 2026 00:00:00 GMT-0300 (Horário Padrão de Brasília),Mon May 18 2026 00:00:00 GMT-0300 (Horário Padrão de Brasília),Sat Jun 13 2026 23:09:34 GMT-0300 (Horário Padrão de Brasília),Sat Jun 13 2026 23:09:34 GMT-0300 (Horário Padrão de Brasília),
268,03-0213,CV10101VP0004,concluida,,false,,Fri Jun 05 2026 00:00:00 GMT-0300 (Horário Padrão de Brasília),Tue May 26 2026 00:00:00 GMT-0300 (Horário Padrão de Brasília),Sat Jun 13 2026 23:09:34 GMT-0300 (Horário Padrão de Brasília),Sat Jun 13 2026 23:09:34 GMT-0300 (Horário Padrão de Brasília),
269,03-0231,CV10101VP0006/07/08,concluida,,true,,Fri Jun 05 2026 00:00:00 GMT-0300 (Horário Padrão de Brasília),Fri Jun 05 2026 00:00:00 GMT-0300 (Horário Padrão de Brasília),Sat Jun 13 2026 23:09:34 GMT-0300 (Horário Padrão de Brasília),Sat Jun 13 2026 23:09:34 GMT-0300 (Horário Padrão de Brasília),
270,03-0305,CV10101VP0005/11,concluida,,false,,Fri Jun 05 2026 00:00:00 GMT-0300 (Horário Padrão de Brasília),Sat May 30 2026 00:00:00 GMT-0300 (Horário Padrão de Brasília),Sat Jun 13 2026 23:09:34 GMT-0300 (Horário Padrão de Brasília),Sat Jun 13 2026 23:09:34 GMT-0300 (Horário Padrão de Brasília),
271,03-0172,MG10203VJ0047,concluida,,true,,Thu Jun 11 2026 00:00:00 GMT-0300 (Horário Padrão de Brasília),Thu Jun 11 2026 00:00:00 GMT-0300 (Horário Padrão de Brasília),Sat Jun 13 2026 23:09:34 GMT-0300 (Horário Padrão de Brasília),Sat Jun 13 2026 23:09:34 GMT-0300 (Horário Padrão de Brasília),
272,03-0200,MG10203VJ0054,concluida,,true,,Tue May 26 2026 00:00:00 GMT-0300 (Horário Padrão de Brasília),Tue May 26 2026 00:00:00 GMT-0300 (Horário Padrão de Brasília),Sat Jun 13 2026 23:09:34 GMT-0300 (Horário Padrão de Brasília),Sat Jun 13 2026 23:09:34 GMT-0300 (Horário Padrão de Brasília),
273,03-0325,MG10203VJ0056,concluida,,true,,Thu May 28 2026 00:00:00 GMT-0300 (Horário Padrão de Brasília),Thu May 28 2026 00:00:00 GMT-0300 (Horário Padrão de Brasília),Sat Jun 13 2026 23:09:34 GMT-0300 (Horário Padrão de Brasília),Sat Jun 13 2026 23:09:34 GMT-0300 (Horário Padrão de Brasília),
274,03-0154,MG10203VJ0058,concluida,,true,,Sat May 30 2026 00:00:00 GMT-0300 (Horário Padrão de Brasília),Sat May 30 2026 00:00:00 GMT-0300 (Horário Padrão de Brasília),Sat Jun 13 2026 23:09:34 GMT-0300 (Horário Padrão de Brasília),Sat Jun 13 2026 23:09:34 GMT-0300 (Horário Padrão de Brasília),
275,03-0207,MG10302VJ0014,concluida,,true,,Mon May 25 2026 00:00:00 GMT-0300 (Horário Padrão de Brasília),Mon May 25 2026 00:00:00 GMT-0300 (Horário Padrão de Brasília),Sat Jun 13 2026 23:09:34 GMT-0300 (Horário Padrão de Brasília),Sat Jun 13 2026 23:09:34 GMT-0300 (Horário Padrão de Brasília),
276,03-0166,ST10303VJ0045,concluida,,true,,Fri May 22 2026 00:00:00 GMT-0300 (Horário Padrão de Brasília),Fri May 22 2026 00:00:00 GMT-0300 (Horário Padrão de Brasília),Sat Jun 13 2026 23:09:34 GMT-0300 (Horário Padrão de Brasília),Sat Jun 13 2026 23:09:34 GMT-0300 (Horário Padrão de Brasília),
277,03-0177,ST10202VJ0069,concluida,,true,,Wed May 20 2026 00:00:00 GMT-0300 (Horário Padrão de Brasília),Wed May 20 2026 00:00:00 GMT-0300 (Horário Padrão de Brasília),Sat Jun 13 2026 23:09:34 GMT-0300 (Horário Padrão de Brasília),Sat Jun 13 2026 23:09:34 GMT-0300 (Horário Padrão de Brasília),
278,03-0194,ST10303VJ0043,concluida,,true,,Tue Jun 02 2026 00:00:00 GMT-0300 (Horário Padrão de Brasília),Tue Jun 02 2026 00:00:00 GMT-0300 (Horário Padrão de Brasília),Sat Jun 13 2026 23:09:34 GMT-0300 (Horário Padrão de Brasília),Sat Jun 13 2026 23:09:34 GMT-0300 (Horário Padrão de Brasília),
279,03-0246,ST10303VJ0050,concluida,,true,,Fri May 29 2026 00:00:00 GMT-0300 (Horário Padrão de Brasília),Fri May 29 2026 00:00:00 GMT-0300 (Horário Padrão de Brasília),Sat Jun 13 2026 23:09:34 GMT-0300 (Horário Padrão de Brasília),Sat Jun 13 2026 23:09:34 GMT-0300 (Horário Padrão de Brasília),
280,03-0248,ST10303VJ0048,concluida,,true,,Fri Apr 24 2026 00:00:00 GMT-0300 (Horário Padrão de Brasília),Fri Apr 24 2026 00:00:00 GMT-0300 (Horário Padrão de Brasília),Sat Jun 13 2026 23:09:34 GMT-0300 (Horário Padrão de Brasília),Sat Jun 13 2026 23:09:34 GMT-0300 (Horário Padrão de Brasília),
281,03-0281,ST10303VJ0047,concluida,,false,,Tue Jun 09 2026 00:00:00 GMT-0300 (Horário Padrão de Brasília),Thu Jun 04 2026 00:00:00 GMT-0300 (Horário Padrão de Brasília),Sat Jun 13 2026 23:09:34 GMT-0300 (Horário Padrão de Brasília),Sat Jun 13 2026 23:09:34 GMT-0300 (Horário Padrão de Brasília),
282,03-0287,ST10303VJ0041,concluida,,true,,Tue Jun 02 2026 00:00:00 GMT-0300 (Horário Padrão de Brasília),Tue Jun 02 2026 00:00:00 GMT-0300 (Horário Padrão de Brasília),Sat Jun 13 2026 23:09:34 GMT-0300 (Horário Padrão de Brasília),Sat Jun 13 2026 23:09:34 GMT-0300 (Horário Padrão de Brasília),
283,03-0289,ST10303VJ0040,concluida,,true,,Tue Jun 09 2026 00:00:00 GMT-0300 (Horário Padrão de Brasília),Tue Jun 09 2026 00:00:00 GMT-0300 (Horário Padrão de Brasília),Sat Jun 13 2026 23:09:34 GMT-0300 (Horário Padrão de Brasília),Sat Jun 13 2026 23:09:34 GMT-0300 (Horário Padrão de Brasília),
284,03-0295,ST10101VJ0018,concluida,,true,,Fri Jun 12 2026 00:00:00 GMT-0300 (Horário Padrão de Brasília),Fri Jun 12 2026 00:00:00 GMT-0300 (Horário Padrão de Brasília),Sat Jun 13 2026 23:09:34 GMT-0300 (Horário Padrão de Brasília),Sat Jun 13 2026 23:09:34 GMT-0300 (Horário Padrão de Brasília),
285,03-0313,ST10101VJ0016,concluida,,true,,Thu Jun 11 2026 00:00:00 GMT-0300 (Horário Padrão de Brasília),Thu Jun 11 2026 00:00:00 GMT-0300 (Horário Padrão de Brasília),Sat Jun 13 2026 23:09:34 GMT-0300 (Horário Padrão de Brasília),Sat Jun 13 2026 23:09:34 GMT-0300 (Horário Padrão de Brasília),
286,03-0255,ST20102VL0001,concluida,,true,,Fri Jun 05 2026 00:00:00 GMT-0300 (Horário Padrão de Brasília),Fri Jun 05 2026 00:00:00 GMT-0300 (Horário Padrão de Brasília),Sat Jun 13 2026 23:09:34 GMT-0300 (Horário Padrão de Brasília),Sat Jun 13 2026 23:09:34 GMT-0300 (Horário Padrão de Brasília),
287,03-0170,MG10203VJ0063,concluida,,true,,Sat May 23 2026 00:00:00 GMT-0300 (Horário Padrão de Brasília),Sat May 23 2026 00:00:00 GMT-0300 (Horário Padrão de Brasília),Sat Jun 13 2026 23:09:34 GMT-0300 (Horário Padrão de Brasília),Sat Jun 13 2026 23:09:34 GMT-0300 (Horário Padrão de Brasília),
288,03-0183,MG10203VJ0050,concluida,,true,,Tue May 26 2026 00:00:00 GMT-0300 (Horário Padrão de Brasília),Tue May 26 2026 00:00:00 GMT-0300 (Horário Padrão de Brasília),Sat Jun 13 2026 23:09:34 GMT-0300 (Horário Padrão de Brasília),Sat Jun 13 2026 23:09:34 GMT-0300 (Horário Padrão de Brasília),
289,03-0184,MG10203VJ0057,concluida,,true,,Tue Apr 28 2026 00:00:00 GMT-0300 (Horário Padrão de Brasília),Tue Apr 28 2026 00:00:00 GMT-0300 (Horário Padrão de Brasília),Sat Jun 13 2026 23:09:34 GMT-0300 (Horário Padrão de Brasília),Sat Jun 13 2026 23:09:34 GMT-0300 (Horário Padrão de Brasília),
290,03-0201,MG10203VJ0051,concluida,,true,,Tue Apr 28 2026 00:00:00 GMT-0300 (Horário Padrão de Brasília),Tue Apr 28 2026 00:00:00 GMT-0300 (Horário Padrão de Brasília),Sat Jun 13 2026 23:09:34 GMT-0300 (Horário Padrão de Brasília),Sat Jun 13 2026 23:09:34 GMT-0300 (Horário Padrão de Brasília),
291,03-0209,MG10203VP0036,concluida,,true,,Tue May 26 2026 00:00:00 GMT-0300 (Horário Padrão de Brasília),Tue May 26 2026 00:00:00 GMT-0300 (Horário Padrão de Brasília),Sat Jun 13 2026 23:09:34 GMT-0300 (Horário Padrão de Brasília),Sat Jun 13 2026 23:09:34 GMT-0300 (Horário Padrão de Brasília),
292,03-0210,MG10203VP0031,concluida,,true,,Sat May 23 2026 00:00:00 GMT-0300 (Horário Padrão de Brasília),Sat May 23 2026 00:00:00 GMT-0300 (Horário Padrão de Brasília),Sat Jun 13 2026 23:09:34 GMT-0300 (Horário Padrão de Brasília),Sat Jun 13 2026 23:09:34 GMT-0300 (Horário Padrão de Brasília),
293,03-0215,MG10303VJ0018,concluida,,true,,Tue Apr 28 2026 00:00:00 GMT-0300 (Horário Padrão de Brasília),Tue Apr 28 2026 00:00:00 GMT-0300 (Horário Padrão de Brasília),Sat Jun 13 2026 23:09:34 GMT-0300 (Horário Padrão de Brasília),Sat Jun 13 2026 23:09:34 GMT-0300 (Horário Padrão de Brasília),
294,03-0218,MG10303VJ0017,concluida,,true,,Fri Jun 05 2026 00:00:00 GMT-0300 (Horário Padrão de Brasília),Fri Jun 05 2026 00:00:00 GMT-0300 (Horário Padrão de Brasília),Sat Jun 13 2026 23:09:34 GMT-0300 (Horário Padrão de Brasília),Sat Jun 13 2026 23:09:34 GMT-0300 (Horário Padrão de Brasília),
295,03-0221,MG10203VJ0062,concluida,,true,,Thu Jun 11 2026 00:00:00 GMT-0300 (Horário Padrão de Brasília),Thu Jun 11 2026 00:00:00 GMT-0300 (Horário Padrão de Brasília),Sat Jun 13 2026 23:09:34 GMT-0300 (Horário Padrão de Brasília),Sat Jun 13 2026 23:09:34 GMT-0300 (Horário Padrão de Brasília),
296,03-0228,MG10203VP0035,concluida,,true,,Tue May 26 2026 00:00:00 GMT-0300 (Horário Padrão de Brasília),Tue May 26 2026 00:00:00 GMT-0300 (Horário Padrão de Brasília),Sat Jun 13 2026 23:09:34 GMT-0300 (Horário Padrão de Brasília),Sat Jun 13 2026 23:09:34 GMT-0300 (Horário Padrão de Brasília),
297,03-0276,MG10203VJ0067,concluida,,true,,Tue Jun 02 2026 00:00:00 GMT-0300 (Horário Padrão de Brasília),Tue Jun 02 2026 00:00:00 GMT-0300 (Horário Padrão de Brasília),Sat Jun 13 2026 23:09:34 GMT-0300 (Horário Padrão de Brasília),Sat Jun 13 2026 23:09:34 GMT-0300 (Horário Padrão de Brasília),
298,03-0217,CV10101VP0001/02/03,concluida,,true,,Wed Apr 29 2026 00:00:00 GMT-0300 (Horário Padrão de Brasília),Wed Apr 29 2026 00:00:00 GMT-0300 (Horário Padrão de Brasília),Sat Jun 13 2026 23:09:34 GMT-0300 (Horário Padrão de Brasília),Sat Jun 13 2026 23:09:34 GMT-0300 (Horário Padrão de Brasília),
299,03-0294,CV10202VP0012,concluida,,true,,Fri May 29 2026 00:00:00 GMT-0300 (Horário Padrão de Brasília),Fri May 29 2026 00:00:00 GMT-0300 (Horário Padrão de Brasília),Sat Jun 13 2026 23:09:34 GMT-0300 (Horário Padrão de Brasília),Sat Jun 13 2026 23:09:34 GMT-0300 (Horário Padrão de Brasília),
300,03-0206,ST10302VJ0031,concluida,,true,,Thu Jun 11 2026 00:00:00 GMT-0300 (Horário Padrão de Brasília),Thu Jun 11 2026 00:00:00 GMT-0300 (Horário Padrão de Brasília),Sat Jun 13 2026 23:09:34 GMT-0300 (Horário Padrão de Brasília),Sat Jun 13 2026 23:09:34 GMT-0300 (Horário Padrão de Brasília),
301,03-0227,ST10302VJ0038,concluida,,true,,Thu Jun 11 2026 00:00:00 GMT-0300 (Horário Padrão de Brasília),Thu Jun 11 2026 00:00:00 GMT-0300 (Horário Padrão de Brasília),Sat Jun 13 2026 23:09:34 GMT-0300 (Horário Padrão de Brasília),Sat Jun 13 2026 23:09:34 GMT-0300 (Horário Padrão de Brasília),
302,03-0261,ST10302VJ0035,concluida,,true,,Thu Apr 30 2026 00:00:00 GMT-0300 (Horário Padrão de Brasília),Thu Apr 30 2026 00:00:00 GMT-0300 (Horário Padrão de Brasília),Sat Jun 13 2026 23:09:34 GMT-0300 (Horário Padrão de Brasília),Sat Jun 13 2026 23:09:34 GMT-0300 (Horário Padrão de Brasília),
303,03-0275,ST10101VJ0021,concluida,,true,,Tue Jun 09 2026 00:00:00 GMT-0300 (Horário Padrão de Brasília),Tue Jun 09 2026 00:00:00 GMT-0300 (Horário Padrão de Brasília),Sat Jun 13 2026 23:09:34 GMT-0300 (Horário Padrão de Brasília),Sat Jun 13 2026 23:09:34 GMT-0300 (Horário Padrão de Brasília),
304,03-0283,ST10302VJ0034,concluida,,true,,Thu May 28 2026 00:00:00 GMT-0300 (Horário Padrão de Brasília),Thu May 28 2026 00:00:00 GMT-0300 (Horário Padrão de Brasília),Sat Jun 13 2026 23:09:34 GMT-0300 (Horário Padrão de Brasília),Sat Jun 13 2026 23:09:34 GMT-0300 (Horário Padrão de Brasília),
305,03-0317,ST10304VJ0056,concluida,,true,,Sat May 02 2026 00:00:00 GMT-0300 (Horário Padrão de Brasília),Sat May 02 2026 00:00:00 GMT-0300 (Horário Padrão de Brasília),Sat Jun 13 2026 23:09:34 GMT-0300 (Horário Padrão de Brasília),Sat Jun 13 2026 23:09:34 GMT-0300 (Horário Padrão de Brasília),
306,03-0322,ST10304VJ0063,concluida,,false,,Wed Jun 10 2026 00:00:00 GMT-0300 (Horário Padrão de Brasília),Wed May 20 2026 00:00:00 GMT-0300 (Horário Padrão de Brasília),Sat Jun 13 2026 23:09:34 GMT-0300 (Horário Padrão de Brasília),Sat Jun 13 2026 23:09:34 GMT-0300 (Horário Padrão de Brasília),
307,03-0147,MG10202VP0021,concluida,,true,,Mon May 25 2026 00:00:00 GMT-0300 (Horário Padrão de Brasília),Mon May 25 2026 00:00:00 GMT-0300 (Horário Padrão de Brasília),Sat Jun 13 2026 23:09:34 GMT-0300 (Horário Padrão de Brasília),Sat Jun 13 2026 23:09:34 GMT-0300 (Horário Padrão de Brasília),
308,03-0163,MG10202VP0024,concluida,,true,,Mon May 04 2026 00:00:00 GMT-0300 (Horário Padrão de Brasília),Mon May 04 2026 00:00:00 GMT-0300 (Horário Padrão de Brasília),Sat Jun 13 2026 23:09:34 GMT-0300 (Horário Padrão de Brasília),Sat Jun 13 2026 23:09:34 GMT-0300 (Horário Padrão de Brasília),
309,03-0241,MG10202VJ0046,concluida,,true,,Wed Jun 03 2026 00:00:00 GMT-0300 (Horário Padrão de Brasília),Wed Jun 03 2026 00:00:00 GMT-0300 (Horário Padrão de Brasília),Sat Jun 13 2026 23:09:34 GMT-0300 (Horário Padrão de Brasília),Sat Jun 13 2026 23:09:34 GMT-0300 (Horário Padrão de Brasília),
310,03-0249,MG10202VJ0044,concluida,,true,,Mon Jun 01 2026 00:00:00 GMT-0300 (Horário Padrão de Brasília),Mon Jun 01 2026 00:00:00 GMT-0300 (Horário Padrão de Brasília),Sat Jun 13 2026 23:09:34 GMT-0300 (Horário Padrão de Brasília),Sat Jun 13 2026 23:09:34 GMT-0300 (Horário Padrão de Brasília),
311,03-0279,MG10302VJ0016,concluida,,true,,Thu Jun 11 2026 00:00:00 GMT-0300 (Horário Padrão de Brasília),Thu Jun 11 2026 00:00:00 GMT-0300 (Horário Padrão de Brasília),Sat Jun 13 2026 23:09:34 GMT-0300 (Horário Padrão de Brasília),Sat Jun 13 2026 23:09:34 GMT-0300 (Horário Padrão de Brasília),
312,03-0315,MG10202VJ0029,concluida,,true,,Fri Jun 12 2026 00:00:00 GMT-0300 (Horário Padrão de Brasília),Fri Jun 12 2026 00:00:00 GMT-0300 (Horário Padrão de Brasília),Sat Jun 13 2026 23:09:34 GMT-0300 (Horário Padrão de Brasília),Sat Jun 13 2026 23:09:34 GMT-0300 (Horário Padrão de Brasília),
313,03-0159,JT10303VP0010/11,concluida,,true,,Tue Jun 09 2026 00:00:00 GMT-0300 (Horário Padrão de Brasília),Tue Jun 09 2026 00:00:00 GMT-0300 (Horário Padrão de Brasília),Sat Jun 13 2026 23:09:34 GMT-0300 (Horário Padrão de Brasília),Sat Jun 13 2026 23:09:34 GMT-0300 (Horário Padrão de Brasília),
314,03-0165,JT10303VP0008/09,concluida,,true,,Fri Jun 05 2026 00:00:00 GMT-0300 (Horário Padrão de Brasília),Fri Jun 05 2026 00:00:00 GMT-0300 (Horário Padrão de Brasília),Sat Jun 13 2026 23:09:34 GMT-0300 (Horário Padrão de Brasília),Sat Jun 13 2026 23:09:34 GMT-0300 (Horário Padrão de Brasília),
315,03-0331,MG10304VP0046/47/48/49,concluida,,true,,Wed May 06 2026 00:00:00 GMT-0300 (Horário Padrão de Brasília),Wed May 06 2026 00:00:00 GMT-0300 (Horário Padrão de Brasília),Sat Jun 13 2026 23:09:34 GMT-0300 (Horário Padrão de Brasília),Sat Jun 13 2026 23:09:34 GMT-0300 (Horário Padrão de Brasília),
316,03-0318,MG10202VP0015/16,concluida,,true,,Wed Jun 10 2026 00:00:00 GMT-0300 (Horário Padrão de Brasília),Wed Jun 10 2026 00:00:00 GMT-0300 (Horário Padrão de Brasília),Sat Jun 13 2026 23:09:34 GMT-0300 (Horário Padrão de Brasília),Sat Jun 13 2026 23:09:34 GMT-0300 (Horário Padrão de Brasília),
317,03-0204,MG10202VP0001/02/03,concluida,,true,,Fri May 29 2026 00:00:00 GMT-0300 (Horário Padrão de Brasília),Fri May 29 2026 00:00:00 GMT-0300 (Horário Padrão de Brasília),Sat Jun 13 2026 23:09:34 GMT-0300 (Horário Padrão de Brasília),Sat Jun 13 2026 23:09:34 GMT-0300 (Horário Padrão de Brasília),
318,03-0254,MG10202VP0006/07/08/09,concluida,,true,,Wed Jun 10 2026 00:00:00 GMT-0300 (Horário Padrão de Brasília),Wed Jun 10 2026 00:00:00 GMT-0300 (Horário Padrão de Brasília),Sat Jun 13 2026 23:09:34 GMT-0300 (Horário Padrão de Brasília),Sat Jun 13 2026 23:09:34 GMT-0300 (Horário Padrão de Brasília),
319,03-0232,ST10303VJ0042,concluida,,true,,Fri May 29 2026 00:00:00 GMT-0300 (Horário Padrão de Brasília),Fri May 29 2026 00:00:00 GMT-0300 (Horário Padrão de Brasília),Sat Jun 13 2026 23:09:34 GMT-0300 (Horário Padrão de Brasília),Sat Jun 13 2026 23:09:34 GMT-0300 (Horário Padrão de Brasília),
320,03-0146,MG10203VP0025,concluida,,false,,Tue Jun 09 2026 00:00:00 GMT-0300 (Horário Padrão de Brasília),Sun Jun 07 2026 00:00:00 GMT-0300 (Horário Padrão de Brasília),Sat Jun 13 2026 23:09:34 GMT-0300 (Horário Padrão de Brasília),Sat Jun 13 2026 23:09:34 GMT-0300 (Horário Padrão de Brasília),
321,03-0149,MG10203VP0030,concluida,,true,,Sat May 30 2026 00:00:00 GMT-0300 (Horário Padrão de Brasília),Sat May 30 2026 00:00:00 GMT-0300 (Horário Padrão de Brasília),Sat Jun 13 2026 23:09:34 GMT-0300 (Horário Padrão de Brasília),Sat Jun 13 2026 23:09:34 GMT-0300 (Horário Padrão de Brasília),
322,03-0155,MG10203VJ0053,concluida,,true,,Tue May 12 2026 00:00:00 GMT-0300 (Horário Padrão de Brasília),Tue May 12 2026 00:00:00 GMT-0300 (Horário Padrão de Brasília),Sat Jun 13 2026 23:09:34 GMT-0300 (Horário Padrão de Brasília),Sat Jun 13 2026 23:09:34 GMT-0300 (Horário Padrão de Brasília),
323,03-0188,MG10203VJ0052,concluida,,true,,Thu Jun 11 2026 00:00:00 GMT-0300 (Horário Padrão de Brasília),Thu Jun 11 2026 00:00:00 GMT-0300 (Horário Padrão de Brasília),Sat Jun 13 2026 23:09:34 GMT-0300 (Horário Padrão de Brasília),Sat Jun 13 2026 23:09:34 GMT-0300 (Horário Padrão de Brasília),
324,03-0169,ST10302VJ0030,concluida,,true,,Thu May 14 2026 00:00:00 GMT-0300 (Horário Padrão de Brasília),Thu May 14 2026 00:00:00 GMT-0300 (Horário Padrão de Brasília),Sat Jun 13 2026 23:09:34 GMT-0300 (Horário Padrão de Brasília),Sat Jun 13 2026 23:09:34 GMT-0300 (Horário Padrão de Brasília),
325,03-0237,CV10203VP0022,concluida,,true,,Sat May 16 2026 00:00:00 GMT-0300 (Horário Padrão de Brasília),Sat May 16 2026 00:00:00 GMT-0300 (Horário Padrão de Brasília),Sat Jun 13 2026 23:09:34 GMT-0300 (Horário Padrão de Brasília),Sat Jun 13 2026 23:09:34 GMT-0300 (Horário Padrão de Brasília),
326,03-0306,CV10203VP0018/23,concluida,,true,,Sat Jun 06 2026 00:00:00 GMT-0300 (Horário Padrão de Brasília),Sat Jun 06 2026 00:00:00 GMT-0300 (Horário Padrão de Brasília),Sat Jun 13 2026 23:09:34 GMT-0300 (Horário Padrão de Brasília),Sat Jun 13 2026 23:09:34 GMT-0300 (Horário Padrão de Brasília),
327,03-0145,CV10203VP0019,concluida,,true,,Sat Jun 06 2026 00:00:00 GMT-0300 (Horário Padrão de Brasília),Sat Jun 06 2026 00:00:00 GMT-0300 (Horário Padrão de Brasília),Sat Jun 13 2026 23:09:34 GMT-0300 (Horário Padrão de Brasília),Sat Jun 13 2026 23:09:34 GMT-0300 (Horário Padrão de Brasília),
328,03-0258,ST10304VJ0059,concluida,,true,,Wed May 20 2026 00:00:00 GMT-0300 (Horário Padrão de Brasília),Wed May 20 2026 00:00:00 GMT-0300 (Horário Padrão de Brasília),Sat Jun 13 2026 23:09:34 GMT-0300 (Horário Padrão de Brasília),Sat Jun 13 2026 23:09:34 GMT-0300 (Horário Padrão de Brasília),
329,03-0324,ST10304VJ0060,concluida,,true,,Fri May 22 2026 00:00:00 GMT-0300 (Horário Padrão de Brasília),Fri May 22 2026 00:00:00 GMT-0300 (Horário Padrão de Brasília),Sat Jun 13 2026 23:09:34 GMT-0300 (Horário Padrão de Brasília),Sat Jun 13 2026 23:09:34 GMT-0300 (Horário Padrão de Brasília),
330,03-0158,CV10202VP0009/14,concluida,,true,,Mon Jun 01 2026 00:00:00 GMT-0300 (Horário Padrão de Brasília),Mon Jun 01 2026 00:00:00 GMT-0300 (Horário Padrão de Brasília),Sat Jun 13 2026 23:09:34 GMT-0300 (Horário Padrão de Brasília),Sat Jun 13 2026 23:09:34 GMT-0300 (Horário Padrão de Brasília),
331,03-0296,CV10202VP0010/16,concluida,,true,,Fri Jun 12 2026 00:00:00 GMT-0300 (Horário Padrão de Brasília),Fri Jun 12 2026 00:00:00 GMT-0300 (Horário Padrão de Brasília),Sat Jun 13 2026 23:09:34 GMT-0300 (Horário Padrão de Brasília),Sat Jun 13 2026 23:09:34 GMT-0300 (Horário Padrão de Brasília),
332,03-0229,CV10202VP0015,concluida,,false,,Fri Jun 12 2026 00:00:00 GMT-0300 (Horário Padrão de Brasília),Wed Jun 10 2026 00:00:00 GMT-0300 (Horário Padrão de Brasília),Sat Jun 13 2026 23:09:34 GMT-0300 (Horário Padrão de Brasília),Sat Jun 13 2026 23:09:34 GMT-0300 (Horário Padrão de Brasília),
95,03-0001,JT10303VJ0035,concluida,,true,93.00,Tue Jun 16 2026 00:00:00 GMT-0300 (Horário Padrão de Brasília),Tue Jun 16 2026 00:00:00 GMT-0300 (Horário Padrão de Brasília),Sat Jun 13 2026 23:09:34 GMT-0300 (Horário Padrão de Brasília),Tue Jun 16 2026 07:16:25 GMT-0300 (Horário Padrão de Brasília),
21,03-0038,CV10202VJ0030,concluida,Wed Jun 17 2026 00:00:00 GMT-0300 (Horário Padrão de Brasília),false,,Wed Jun 03 2026 00:00:00 GMT-0300 (Horário Padrão de Brasília),Thu Jun 04 2026 00:00:00 GMT-0300 (Horário Padrão de Brasília),Sat Jun 13 2026 23:09:34 GMT-0300 (Horário Padrão de Brasília),Wed Jun 17 2026 19:21:58 GMT-0300 (Horário Padrão de Brasília),
375,03-0107,CV10202VJ0046,concluida,Thu Jun 18 2026 00:00:00 GMT-0300 (Horário Padrão de Brasília),false,,Wed Jun 17 2026 00:00:00 GMT-0300 (Horário Padrão de Brasília),Wed Jun 17 2026 00:00:00 GMT-0300 (Horário Padrão de Brasília),Wed Jun 17 2026 20:13:36 GMT-0300 (Horário Padrão de Brasília),Wed Jun 17 2026 20:13:49 GMT-0300 (Horário Padrão de Brasília),Thu Jun 18 2026 00:00:00 GMT-0300 (Horário Padrão de Brasília)